PERCENT_PUB_DATA,COUPLING_BETWEEN_OBJECTS,DEPTH,LACK_OF_COHESION_OF_METHODS,NUM_OF_CHILDREN,DEP_ON_CHILD,FAN_IN,RESPONSE_FOR_CLASS,WEIGHTED_METHODS_PER_CLASS,minLOC_EXECUTABLE,minHALSTEAD_CONTENT,minHALSTEAD_DIFFICULTY,minHALSTEAD_EFFORT,minHALSTEAD_ERROR_EST,minHALSTEAD_LENGTH,minHALSTEAD_LEVEL,minHALSTEAD_PROG_TIME,minHALSTEAD_VOLUME,minNUM_OPERANDS,minNUM_OPERATORS,minNUM_UNIQUE_OPERANDS,minNUM_UNIQUE_OPERATORS,minLOC_TOTAL,maxLOC_BLANK,maxBRANCH_COUNT,maxLOC_CODE_AND_COMMENT,maxLOC_COMMENTS,maxCYCLOMATIC_COMPLEXITY,maxDESIGN_COMPLEXITY,maxESSENTIAL_COMPLEXITY,maxLOC_EXECUTABLE,maxHALSTEAD_CONTENT,maxHALSTEAD_DIFFICULTY,maxHALSTEAD_EFFORT,maxHALSTEAD_ERROR_EST,maxHALSTEAD_LENGTH,maxHALSTEAD_LEVEL,maxHALSTEAD_PROG_TIME,maxHALSTEAD_VOLUME,maxNUM_OPERANDS,maxNUM_OPERATORS,maxNUM_UNIQUE_OPERANDS,maxNUM_UNIQUE_OPERATORS,maxLOC_TOTAL,avgLOC_BLANK,avgBRANCH_COUNT,avgLOC_CODE_AND_COMMENT,avgLOC_COMMENTS,avgCYCLOMATIC_COMPLEXITY,avgDESIGN_COMPLEXITY,avgESSENTIAL_COMPLEXITY,avgLOC_EXECUTABLE,avgHALSTEAD_CONTENT,avgHALSTEAD_DIFFICULTY,avgHALSTEAD_EFFORT,avgHALSTEAD_ERROR_EST,avgHALSTEAD_LENGTH,avgHALSTEAD_LEVEL,avgHALSTEAD_PROG_TIME,avgHALSTEAD_VOLUME,avgNUM_OPERANDS,avgNUM_OPERATORS,avgNUM_UNIQUE_OPERANDS,avgNUM_UNIQUE_OPERATORS,avgLOC_TOTAL,sumLOC_BLANK,sumBRANCH_COUNT,sumLOC_CODE_AND_COMMENT,sumLOC_COMMENTS,sumCYCLOMATIC_COMPLEXITY,sumDESIGN_COMPLEXITY,sumESSENTIAL_COMPLEXITY,sumLOC_EXECUTABLE,sumHALSTEAD_CONTENT,sumHALSTEAD_DIFFICULTY,sumHALSTEAD_EFFORT,sumHALSTEAD_ERROR_EST,sumHALSTEAD_LENGTH,sumHALSTEAD_LEVEL,sumHALSTEAD_PROG_TIME,sumHALSTEAD_VOLUME,sumNUM_OPERANDS,sumNUM_OPERATORS,sumNUM_UNIQUE_OPERANDS,sumNUM_UNIQUE_OPERATORS,sumLOC_TOTAL,class
0.0,24.0,4.0,100.0,0.0,0.0,2.0,110.0,73.0,0.0,5.8,1.5,17.41,0.0,5.0,0.02,0.97,11.61,1.0,3.0,1.0,3.0,2.0,15.0,89.0,0.0,26.0,45.0,45.0,12.0,262.0,116.45,44.9,234743.54,1.74,794.0,0.67,13041.31,5228.46,285.0,509.0,73.0,23.0,288.0,2.797101,10.072464,0.0,2.028986,5.565217,5.376812,2.246377,33.521739,32.564928,13.673913,13296.29,0.186667,106.898551,0.121594,738.6828,559.431159,37.318841,69.57971,15.449275,12.057971,40.985507,193.0,695.0,0.0,140.0,384.0,371.0,155.0,2313.0,2246.98,943.5,917443.78,12.88,7376.0,8.39,50969.11,38600.75,2575.0,4801.0,1066.0,832.0,2828.0,0
0.0,19.0,4.0,100.0,0.0,0.0,3.0,78.0,30.0,0.0,0.0,0.0,0.0,0.0,1.0,0.0,0.0,0.0,0.0,1.0,0.0,1.0,2.0,17.0,49.0,0.0,11.0,25.0,25.0,11.0,179.0,115.99,32.93,125808.33,1.27,606.0,0.67,6989.35,3820.09,208.0,398.0,60.0,20.0,210.0,2.7,11.466667,0.0,1.7,6.233333,6.1,3.466667,33.6,33.971667,12.593333,13488.54,0.201333,111.666667,0.146667,749.3637,602.709,38.933333,72.733333,16.1,11.2,40.7,81.0,344.0,0.0,51.0,187.0,183.0,104.0,1008.0,1019.15,377.8,404656.23,6.04,3350.0,4.4,22480.91,18081.27,1168.0,2182.0,483.0,336.0,1221.0,0
100.0,13.0,1.0,88.0,0.0,0.0,0.0,99.0,99.0,1.0,0.0,0.0,0.0,0.0,1.0,0.0,0.0,0.0,0.0,1.0,0.0,1.0,4.0,4.0,12.0,0.0,2.0,7.0,7.0,3.0,78.0,166.37,39.0,23269.16,0.63,311.0,0.67,1292.73,1893.2,104.0,207.0,55.0,13.0,84.0,1.463158,2.189474,0.0,0.294737,1.610526,1.6,1.105263,11.578947,24.408737,5.025053,1386.678,0.054105,35.547368,0.342211,77.038,165.644421,13.452632,22.094737,8.557895,6.4,16.021053,139.0,208.0,0.0,28.0,153.0,152.0,105.0,1100.0,2318.83,477.38,131734.45,5.14,3377.0,32.51,7318.61,15736.22,1278.0,2099.0,813.0,608.0,1522.0,0
0.0,21.0,4.0,100.0,0.0,0.0,2.0,68.0,30.0,0.0,7.74,1.5,17.41,0.0,5.0,0.03,0.97,11.61,2.0,3.0,2.0,3.0,2.0,12.0,35.0,0.0,14.0,18.0,18.0,9.0,110.0,77.47,28.71,58255.33,0.68,331.0,0.67,3236.41,2028.79,134.0,197.0,49.0,21.0,132.0,3.571429,10.464286,0.0,3.392857,5.75,5.321429,2.25,40.642857,40.241786,14.275714,14758.77,0.240357,133.75,0.141071,819.9304,718.383571,49.75,84.0,19.678571,11.892857,50.285714,100.0,293.0,0.0,95.0,161.0,149.0,63.0,1138.0,1126.77,399.72,413245.43,6.73,3745.0,3.95,22958.05,20114.74,1393.0,2352.0,551.0,333.0,1408.0,0
5.0,17.0,2.0,90.0,0.0,0.0,1.0,69.0,36.0,0.0,0.0,0.0,0.0,0.0,0.0,0.0,0.0,0.0,0.0,0.0,0.0,0.0,1.0,15.0,35.0,1.0,4.0,18.0,18.0,11.0,71.0,81.84,29.86,44757.43,0.5,257.0,0.67,2486.52,1499.05,95.0,162.0,35.0,22.0,93.0,1.111111,3.555556,0.027778,0.25,2.333333,2.277778,1.555556,10.833333,20.586667,5.206389,2861.838,0.063889,39.222222,0.418333,158.9925,195.2925,14.138889,25.083333,8.055556,6.361111,14.0,40.0,128.0,1.0,9.0,84.0,82.0,56.0,390.0,741.12,187.43,103026.17,2.3,1412.0,15.06,5723.73,7030.53,509.0,903.0,290.0,229.0,504.0,0
0.0,10.0,1.0,88.0,0.0,0.0,0.0,22.0,22.0,1.0,0.0,0.0,0.0,0.0,1.0,0.0,0.0,0.0,0.0,1.0,0.0,1.0,3.0,4.0,11.0,0.0,7.0,6.0,6.0,5.0,33.0,73.32,14.63,10369.98,0.28,156.0,2.0,576.11,841.2,55.0,101.0,29.0,13.0,47.0,0.571429,3.761905,0.0,0.333333,2.380952,2.380952,1.190476,13.428571,32.521905,7.252857,2431.322,0.08619,55.571429,0.220952,135.0729,260.512857,22.761905,32.809524,13.095238,8.380952,19.238095,12.0,79.0,0.0,7.0,50.0,50.0,25.0,282.0,682.96,152.31,51057.77,1.81,1167.0,4.64,2836.53,5470.77,478.0,689.0,275.0,176.0,404.0,0
0.0,19.0,3.0,94.0,0.0,0.0,3.0,53.0,17.0,0.0,4.44,1.5,12.0,0.0,4.0,0.03,0.67,8.0,1.0,3.0,1.0,3.0,1.0,5.0,27.0,0.0,3.0,14.0,14.0,7.0,88.0,53.32,30.12,48369.03,0.54,273.0,0.67,2687.17,1605.96,109.0,164.0,38.0,21.0,97.0,1.384615,6.076923,0.0,0.538462,3.615385,3.307692,1.769231,18.307692,22.101539,8.505385,5323.303,0.093077,56.230769,0.263846,295.7392,280.578462,21.692308,34.538462,10.461539,8.538462,22.538462,18.0,79.0,0.0,7.0,47.0,43.0,23.0,238.0,287.32,110.57,69202.94,1.21,731.0,3.43,3844.61,3647.52,282.0,449.0,136.0,111.0,293.0,0
0.0,14.0,2.0,90.0,0.0,0.0,1.0,37.0,25.0,0.0,0.0,0.0,0.0,0.0,0.0,0.0,0.0,0.0,0.0,0.0,0.0,0.0,2.0,4.0,13.0,1.0,0.0,7.0,7.0,3.0,44.0,46.71,21.67,20870.83,0.32,181.0,0.67,1159.49,963.27,65.0,116.0,24.0,16.0,53.0,1.565217,3.0,0.043478,0.0,2.0,2.0,1.26087,11.521739,21.993913,6.525652,3009.543,0.06913,43.73913,0.244348,167.1957,207.044348,17.086957,26.652174,9.347826,7.695652,16.565217,36.0,69.0,1.0,0.0,46.0,46.0,29.0,265.0,505.86,150.09,69219.5,1.59,1006.0,5.62,3845.5,4762.02,393.0,613.0,215.0,177.0,381.0,0
0.0,18.0,2.0,100.0,1.0,1.0,1.0,38.0,13.0,0.0,0.0,0.0,0.0,0.0,1.0,0.0,0.0,0.0,0.0,1.0,0.0,1.0,2.0,10.0,31.0,1.0,0.0,16.0,16.0,9.0,82.0,54.5,27.64,41638.64,0.5,254.0,1.0,2313.26,1506.41,98.0,156.0,39.0,22.0,95.0,1.666667,5.166667,0.083333,0.0,3.083333,3.0,1.666667,15.75,19.494167,6.0925,4539.076,0.075,43.833333,0.4075,252.1717,224.245,18.333333,25.5,8.833333,6.5,20.166667,20.0,62.0,1.0,0.0,37.0,36.0,20.0,189.0,233.93,73.11,54468.91,0.9,526.0,4.89,3026.06,2690.94,220.0,306.0,106.0,78.0,242.0,0
0.0,18.0,2.0,100.0,1.0,1.0,1.0,38.0,13.0,0.0,0.0,0.0,0.0,0.0,1.0,0.0,0.0,0.0,0.0,1.0,0.0,1.0,2.0,10.0,29.0,0.0,0.0,15.0,15.0,9.0,72.0,53.35,25.26,34029.33,0.45,230.0,1.0,1890.52,1347.34,89.0,141.0,37.0,21.0,84.0,1.75,5.0,0.0,0.0,3.0,2.916667,1.666667,14.916667,19.533333,5.993333,3910.016,0.0725,42.416667,0.395,217.225,213.0525,17.75,24.666667,8.75,6.5,19.333333,21.0,60.0,0.0,0.0,36.0,35.0,20.0,179.0,234.4,71.92,46920.19,0.87,509.0,4.74,2606.7,2556.63,213.0,296.0,105.0,78.0,232.0,0
0.0,9.0,1.0,0.0,4.0,0.0,0.0,7.0,7.0,1.0,0.0,0.0,0.0,0.0,1.0,0.0,0.0,0.0,0.0,1.0,0.0,1.0,3.0,1.0,14.0,0.0,1.0,8.0,7.0,3.0,57.0,60.05,15.52,12497.82,0.27,145.0,0.1,694.32,805.42,50.0,95.0,29.0,18.0,63.0,0.285714,6.857143,0.0,0.142857,4.285714,4.142857,1.285714,33.285714,37.754286,8.105714,4936.654,0.14,81.571429,0.064286,274.2571,423.521429,28.142857,53.428571,16.571429,9.857143,38.285714,2.0,48.0,0.0,1.0,30.0,29.0,9.0,233.0,264.28,56.74,34556.58,0.98,571.0,0.45,1919.8,2964.65,197.0,374.0,116.0,69.0,268.0,0
0.0,6.0,2.0,59.0,0.0,0.0,1.0,33.0,25.0,0.0,0.0,0.0,0.0,0.0,0.0,0.0,0.0,0.0,0.0,0.0,0.0,0.0,2.0,1.0,3.0,0.0,0.0,2.0,2.0,1.0,11.0,28.0,5.78,747.25,0.04,32.0,2.0,41.51,133.44,14.0,18.0,10.0,8.0,16.0,0.44,1.16,0.0,0.0,1.08,1.08,1.0,4.88,16.366,2.5752,164.408,0.0168,12.96,0.4528,9.1336,47.7188,5.64,7.32,5.32,4.92,8.72,11.0,29.0,0.0,0.0,27.0,27.0,25.0,122.0,409.15,64.38,4110.2,0.42,324.0,11.32,228.34,1192.97,141.0,183.0,133.0,123.0,218.0,1
0.0,5.0,1.0,0.0,0.0,0.0,0.0,7.0,7.0,0.0,0.0,0.0,0.0,0.0,1.0,0.0,0.0,0.0,0.0,1.0,0.0,1.0,3.0,2.0,7.0,0.0,0.0,4.0,4.0,1.0,55.0,63.49,18.98,22882.74,0.4,217.0,1.0,1271.26,1205.35,81.0,136.0,32.0,15.0,61.0,0.5,3.0,0.0,0.0,2.0,2.0,1.0,18.166667,24.71,6.663333,7173.412,0.128333,71.666667,0.295,398.5217,387.46,26.833333,44.833333,11.333333,6.166667,22.0,3.0,18.0,0.0,0.0,12.0,12.0,6.0,109.0,148.26,39.98,43040.47,0.77,430.0,1.77,2391.13,2324.76,161.0,269.0,68.0,37.0,132.0,0
100.0,4.0,1.0,75.0,2.0,0.0,0.0,8.0,8.0,0.0,4.75,1.0,4.75,0.0,3.0,0.67,0.26,4.75,1.0,2.0,1.0,2.0,4.0,0.0,1.0,0.0,0.0,1.0,1.0,1.0,0.0,5.33,1.5,12.0,0.0,4.0,1.0,0.67,8.0,1.0,3.0,1.0,3.0,4.0,0.0,1.0,0.0,0.0,1.0,1.0,1.0,0.0,5.04,1.25,8.375,0.0,3.5,0.835,0.465,6.375,1.0,2.5,1.0,2.5,4.0,0.0,2.0,0.0,0.0,2.0,2.0,2.0,0.0,10.08,2.5,16.75,0.0,7.0,1.67,0.93,12.75,2.0,5.0,2.0,5.0,8.0,1
0.0,4.0,1.0,0.0,0.0,0.0,0.0,6.0,6.0,1.0,0.0,0.0,0.0,0.0,1.0,0.0,0.0,0.0,0.0,1.0,0.0,1.0,3.0,0.0,1.0,0.0,0.0,1.0,1.0,1.0,6.0,16.32,4.67,355.35,0.03,20.0,0.33,19.74,76.15,7.0,13.0,6.0,8.0,9.0,0.0,1.0,0.0,0.0,1.0,1.0,1.0,3.0,8.61,2.556667,146.98,0.013333,10.0,0.18,8.163333,34.893333,3.333333,6.666667,3.0,5.0,5.666667,0.0,6.0,0.0,0.0,6.0,6.0,6.0,18.0,51.66,15.34,881.88,0.08,60.0,1.08,48.98,209.36,20.0,40.0,18.0,30.0,34.0,1
100.0,24.0,4.0,96.0,0.0,0.0,3.0,140.0,35.0,1.0,0.0,0.0,0.0,0.0,1.0,0.0,0.0,0.0,0.0,1.0,0.0,1.0,3.0,22.0,42.0,1.0,35.0,22.0,16.0,12.0,130.0,101.78,35.6,90061.35,1.01,463.0,0.33,5003.41,3027.63,192.0,271.0,71.0,28.0,162.0,3.257143,8.057143,0.028571,1.571429,4.542857,3.914286,2.114286,28.314286,37.359143,11.444571,12038.0,0.182571,99.628571,0.128571,668.7771,549.356571,39.714286,59.914286,19.085714,11.657143,35.857143,114.0,282.0,1.0,55.0,159.0,137.0,74.0,991.0,1307.57,400.56,421329.86,6.39,3487.0,4.5,23407.2,19227.48,1390.0,2097.0,668.0,408.0,1255.0,0
0.0,23.0,2.0,92.0,0.0,0.0,1.0,53.0,25.0,0.0,5.33,1.0,8.0,0.0,4.0,0.03,0.44,8.0,1.0,2.0,1.0,2.0,1.0,16.0,23.0,0.0,6.0,12.0,12.0,6.0,97.0,137.08,28.95,47016.12,0.82,382.0,1.0,2612.01,2467.5,140.0,242.0,70.0,22.0,116.0,3.32,6.12,0.0,0.8,3.56,3.48,1.44,19.92,24.9552,9.0896,8833.148,0.1368,73.12,0.3832,490.732,413.574,27.96,45.16,13.64,9.64,25.96,83.0,153.0,0.0,20.0,89.0,87.0,36.0,498.0,623.88,227.24,220828.71,3.42,1828.0,9.58,12268.3,10339.35,699.0,1129.0,341.0,241.0,649.0,0
0.0,9.0,2.0,28.0,0.0,0.0,1.0,31.0,23.0,1.0,0.0,0.0,0.0,0.0,1.0,0.0,0.0,0.0,0.0,1.0,0.0,1.0,3.0,2.0,7.0,0.0,0.0,4.0,4.0,1.0,25.0,51.76,9.53,3989.43,0.14,85.0,0.5,221.64,421.11,30.0,55.0,19.0,12.0,32.0,1.695652,1.956522,0.0,0.0,1.478261,1.478261,1.0,10.391304,33.293044,3.994348,839.8109,0.049565,33.391304,0.274348,46.65739,146.834783,13.73913,19.652174,11.434783,6.565217,16.695652,39.0,45.0,0.0,0.0,34.0,34.0,23.0,239.0,765.74,91.87,19315.65,1.14,768.0,6.31,1073.12,3377.2,316.0,452.0,263.0,151.0,384.0,1
0.0,2.0,2.0,94.0,0.0,0.0,1.0,52.0,17.0,0.0,0.0,0.0,0.0,0.0,1.0,0.0,0.0,0.0,0.0,1.0,0.0,1.0,1.0,0.0,6.0,0.0,0.0,4.0,4.0,1.0,35.0,132.09,7.78,7990.75,0.34,186.0,0.67,443.93,1027.38,56.0,130.0,36.0,10.0,37.0,0.0,1.294118,0.0,0.0,1.176471,1.176471,1.0,2.117647,12.472941,1.781177,480.6324,0.02,14.529412,0.598824,26.70471,67.492941,4.176471,10.352941,3.0,3.294118,3.235294,0.0,22.0,0.0,0.0,20.0,20.0,17.0,36.0,212.04,30.28,8170.75,0.34,247.0,10.18,453.98,1147.38,71.0,176.0,51.0,56.0,55.0,1
0.0,6.0,1.0,80.0,0.0,0.0,0.0,15.0,15.0,1.0,0.0,0.0,0.0,0.0,1.0,0.0,0.0,0.0,0.0,1.0,0.0,1.0,3.0,0.0,1.0,0.0,0.0,1.0,1.0,1.0,13.0,54.15,5.56,1671.27,0.1,64.0,2.0,92.85,300.83,25.0,39.0,18.0,8.0,18.0,0.0,1.0,0.0,0.0,1.0,1.0,1.0,5.066667,19.204,3.532667,431.7767,0.029333,21.2,0.362667,23.986,87.018,8.0,13.2,6.4,6.133333,8.466667,0.0,15.0,0.0,0.0,15.0,15.0,15.0,76.0,288.06,52.99,6476.65,0.44,318.0,5.44,359.79,1305.27,120.0,198.0,96.0,92.0,127.0,1
0.0,5.0,1.0,25.0,0.0,0.0,0.0,9.0,9.0,1.0,0.0,0.0,0.0,0.0,1.0,0.0,0.0,0.0,0.0,1.0,0.0,1.0,3.0,3.0,5.0,0.0,0.0,3.0,3.0,1.0,20.0,77.55,9.4,5829.1,0.21,115.0,2.0,323.84,620.12,47.0,68.0,30.0,12.0,32.0,0.333333,1.444444,0.0,0.0,1.222222,1.222222,1.0,12.0,48.282222,5.146667,2116.256,0.103333,62.777778,0.344444,117.57,309.29,25.555556,37.222222,17.111111,7.0,17.666667,3.0,13.0,0.0,0.0,11.0,11.0,9.0,108.0,434.54,46.32,19046.3,0.93,565.0,3.1,1058.13,2783.61,230.0,335.0,154.0,63.0,159.0,0
0.0,0.0,1.0,100.0,0.0,0.0,0.0,0.0,0.0,0.0,5.33,1.5,12.0,0.0,4.0,0.67,0.67,8.0,1.0,3.0,1.0,3.0,1.0,0.0,1.0,0.0,0.0,1.0,1.0,1.0,0.0,7.74,1.5,17.41,0.0,5.0,0.67,0.97,11.61,2.0,3.0,2.0,3.0,1.0,0.0,1.0,0.0,0.0,1.0,1.0,1.0,0.0,6.133333,1.5,13.80333,0.0,4.333333,0.67,0.77,9.203333,1.333333,3.0,1.333333,3.0,1.0,0.0,3.0,0.0,0.0,3.0,3.0,3.0,0.0,18.4,4.5,41.41,0.0,13.0,2.01,2.31,27.61,4.0,9.0,4.0,9.0,3.0,1
0.0,0.0,1.0,100.0,0.0,0.0,0.0,0.0,0.0,0.0,5.33,1.5,12.0,0.0,4.0,0.5,0.67,8.0,1.0,3.0,1.0,3.0,2.0,0.0,1.0,0.0,0.0,1.0,1.0,1.0,0.0,5.8,2.0,23.22,0.0,5.0,0.67,1.29,11.61,1.0,4.0,1.0,4.0,2.0,0.0,1.0,0.0,0.0,1.0,1.0,1.0,0.0,5.424,1.6,14.244,0.0,4.2,0.636,0.794,8.722,1.0,3.2,1.0,3.2,2.0,0.0,5.0,0.0,0.0,5.0,5.0,5.0,0.0,27.12,8.0,71.22,0.0,21.0,3.18,3.97,43.61,5.0,16.0,5.0,16.0,10.0,1
0.0,8.0,1.0,58.0,0.0,0.0,0.0,37.0,34.0,0.0,5.33,1.5,12.0,0.0,4.0,0.05,0.67,8.0,1.0,3.0,1.0,3.0,1.0,10.0,17.0,2.0,8.0,12.0,9.0,1.0,53.0,37.59,19.71,14609.41,0.25,130.0,0.67,811.63,741.06,46.0,84.0,28.0,24.0,73.0,0.69697,2.757576,0.393939,0.666667,2.090909,1.606061,1.0,6.424242,13.128182,4.011212,828.5812,0.024848,18.0,0.356364,46.03242,74.068182,5.575758,12.424242,4.363636,6.636364,10.151515,23.0,91.0,13.0,22.0,69.0,53.0,33.0,212.0,433.23,132.37,27343.18,0.82,594.0,11.76,1519.07,2444.25,184.0,410.0,144.0,219.0,335.0,1
0.0,15.0,1.0,77.0,0.0,0.0,0.0,12.0,12.0,1.0,0.0,0.0,0.0,0.0,1.0,0.0,0.0,0.0,0.0,1.0,0.0,1.0,3.0,16.0,51.0,7.0,16.0,26.0,19.0,16.0,171.0,64.47,49.32,156823.6,1.06,491.0,0.67,8712.42,3179.59,194.0,297.0,59.0,30.0,205.0,2.083333,6.833333,0.583333,2.25,3.916667,3.083333,2.5,22.75,20.646667,8.436667,14902.75,0.125833,65.416667,0.336667,827.9308,384.0075,25.083333,40.333333,11.583333,9.083333,30.166667,25.0,82.0,7.0,27.0,47.0,37.0,30.0,273.0,247.76,101.24,178832.95,1.51,785.0,4.04,9935.17,4608.09,301.0,484.0,139.0,109.0,362.0,0
0.0,11.0,1.0,76.0,0.0,0.0,0.0,28.0,28.0,0.0,5.33,1.5,12.0,0.0,4.0,0.05,0.67,8.0,1.0,3.0,1.0,3.0,1.0,4.0,7.0,0.0,11.0,4.0,4.0,1.0,25.0,34.05,18.2,5757.8,0.11,69.0,0.67,319.88,316.36,26.0,43.0,14.0,14.0,40.0,0.178571,2.214286,0.0,0.678571,1.571429,1.464286,1.0,5.928571,14.673929,4.725714,549.7079,0.024643,19.892857,0.291071,30.53964,75.373214,7.5,12.392857,5.0,6.25,9.142857,5.0,62.0,0.0,19.0,44.0,41.0,28.0,166.0,410.87,132.32,15391.82,0.69,557.0,8.15,855.11,2110.45,210.0,347.0,140.0,175.0,256.0,0
0.0,12.0,1.0,55.0,0.0,0.0,0.0,24.0,20.0,2.0,6.2,2.0,38.77,0.01,6.0,0.05,2.15,15.51,1.0,4.0,1.0,4.0,4.0,3.0,11.0,5.0,3.0,6.0,6.0,1.0,37.0,27.57,21.0,9158.6,0.15,90.0,0.5,508.81,450.0,37.0,58.0,17.0,18.0,45.0,0.65,3.4,0.4,0.35,2.15,1.9,1.0,9.95,13.492,8.182,1917.686,0.0435,29.9,0.2515,106.5385,129.471,10.35,19.55,5.65,8.85,13.35,13.0,68.0,8.0,7.0,43.0,38.0,20.0,199.0,269.84,163.64,38353.73,0.87,598.0,5.03,2130.77,2589.42,207.0,391.0,113.0,177.0,267.0,0
100.0,4.0,1.0,100.0,0.0,0.0,0.0,11.0,11.0,0.0,5.33,1.5,12.0,0.0,4.0,0.04,0.67,8.0,1.0,3.0,1.0,3.0,1.0,10.0,23.0,1.0,10.0,12.0,10.0,8.0,53.0,54.22,23.42,29746.87,0.42,215.0,0.67,1652.6,1269.98,87.0,128.0,39.0,21.0,72.0,2.833333,7.666667,0.333333,3.166667,3.666667,3.333333,2.166667,18.0,22.141667,8.525,5608.283,0.096667,56.666667,0.251667,311.5717,295.336667,23.0,33.666667,11.666667,9.166667,26.166667,17.0,46.0,2.0,19.0,22.0,20.0,13.0,108.0,132.85,51.15,33649.7,0.58,340.0,1.51,1869.43,1772.02,138.0,202.0,70.0,55.0,157.0,0
17.0,14.0,4.0,94.0,0.0,0.0,1.0,198.0,24.0,0.0,5.33,1.5,12.0,0.0,4.0,0.04,0.67,8.0,1.0,3.0,1.0,3.0,1.0,23.0,54.0,3.0,19.0,28.0,27.0,18.0,173.0,143.73,26.47,77990.66,1.12,521.0,0.67,4332.81,3348.08,176.0,345.0,68.0,18.0,217.0,5.181818,7.545455,0.136364,3.227273,4.318182,3.318182,1.863636,25.227273,30.285,8.057727,7870.748,0.140909,78.227273,0.319545,437.2641,427.842273,28.954546,49.272727,13.681818,8.545455,36.136364,114.0,166.0,3.0,71.0,95.0,73.0,41.0,555.0,666.27,177.27,173156.46,3.1,1721.0,7.03,9619.81,9412.53,637.0,1084.0,301.0,188.0,795.0,0
100.0,2.0,2.0,85.0,0.0,0.0,1.0,11.0,7.0,0.0,0.0,0.0,0.0,0.0,1.0,0.0,0.0,0.0,0.0,1.0,0.0,1.0,1.0,0.0,35.0,4.0,19.0,18.0,12.0,11.0,80.0,39.84,31.05,38405.82,0.41,213.0,2.0,2133.66,1236.97,77.0,136.0,31.0,25.0,107.0,0.0,9.5,1.0,4.75,5.25,3.75,3.5,21.5,16.86,8.1375,9606.573,0.105,56.0,0.7575,533.7,314.9525,20.75,35.25,9.25,7.25,29.75,0.0,38.0,4.0,19.0,21.0,15.0,14.0,86.0,67.44,32.55,38426.29,0.42,224.0,3.03,2134.8,1259.81,83.0,141.0,37.0,29.0,119.0,1
0.0,1.0,1.0,0.0,0.0,0.0,0.0,3.0,3.0,1.0,0.0,0.0,0.0,0.0,1.0,0.0,0.0,0.0,0.0,1.0,0.0,1.0,3.0,0.0,1.0,0.0,0.0,1.0,1.0,1.0,3.0,5.33,1.5,12.0,0.0,4.0,0.67,0.67,8.0,1.0,3.0,1.0,3.0,5.0,0.0,1.0,0.0,0.0,1.0,1.0,1.0,1.666667,1.776667,0.5,4.0,0.0,2.0,0.223333,0.223333,2.666667,0.333333,1.666667,0.333333,1.666667,3.666667,0.0,3.0,0.0,0.0,3.0,3.0,3.0,5.0,5.33,1.5,12.0,0.0,6.0,0.67,0.67,8.0,1.0,5.0,1.0,5.0,11.0,1
0.0,4.0,1.0,90.0,0.0,0.0,0.0,20.0,20.0,0.0,0.0,0.0,0.0,0.0,0.0,0.0,0.0,0.0,0.0,0.0,0.0,0.0,1.0,13.0,67.0,11.0,6.0,34.0,29.0,26.0,251.0,193.06,41.02,324803.51,2.64,1106.0,0.67,18044.64,7918.82,428.0,678.0,120.0,24.0,283.0,2.157895,9.210526,1.0,0.578947,5.105263,4.684211,3.105263,32.578947,32.496842,11.804211,25755.48,0.266316,128.842105,0.105263,1430.86,801.005789,50.473684,78.368421,19.052632,10.526316,38.473684,41.0,175.0,19.0,11.0,97.0,89.0,59.0,619.0,617.44,224.28,489354.19,5.06,2448.0,2.0,27186.34,15219.11,959.0,1489.0,362.0,200.0,731.0,0
0.0,3.0,2.0,90.0,0.0,0.0,1.0,11.0,8.0,0.0,0.0,0.0,0.0,0.0,1.0,0.0,0.0,0.0,0.0,0.0,0.0,0.0,1.0,24.0,53.0,0.0,6.0,27.0,18.0,22.0,113.0,60.0,46.67,130658.97,0.93,438.0,2.0,7258.83,2799.84,168.0,270.0,54.0,30.0,150.0,3.0,7.5,0.0,0.75,4.25,3.125,3.625,15.0,13.00375,6.45875,16338.95,0.11625,57.875,0.50375,907.72,356.12625,22.625,35.25,8.25,5.25,21.5,24.0,60.0,0.0,6.0,34.0,25.0,29.0,120.0,104.03,51.67,130711.59,0.93,463.0,4.03,7261.76,2849.01,181.0,282.0,66.0,42.0,172.0,0
0.0,5.0,2.0,0.0,0.0,0.0,1.0,10.0,5.0,1.0,0.0,0.0,0.0,0.0,1.0,0.0,0.0,0.0,0.0,1.0,0.0,1.0,3.0,20.0,15.0,0.0,3.0,8.0,8.0,1.0,64.0,66.4,18.15,19426.48,0.36,186.0,0.07,1079.25,1070.41,79.0,107.0,37.0,17.0,91.0,5.6,6.2,0.0,0.8,3.6,3.6,1.0,24.8,25.076,6.392,6418.894,0.134,71.2,0.026,356.606,397.51,29.4,41.8,13.8,6.6,34.8,28.0,31.0,0.0,4.0,18.0,18.0,5.0,124.0,125.38,31.96,32094.47,0.67,356.0,0.13,1783.03,1987.55,147.0,209.0,69.0,33.0,174.0,1
100.0,5.0,1.0,100.0,1.0,0.0,0.0,8.0,8.0,1.0,0.0,0.0,0.0,0.0,1.0,0.0,0.0,0.0,0.0,1.0,0.0,1.0,3.0,3.0,5.0,0.0,1.0,3.0,3.0,1.0,30.0,36.87,9.88,3600.62,0.12,75.0,0.19,200.03,364.35,28.0,47.0,17.0,12.0,36.0,1.5,2.75,0.0,0.125,1.875,1.875,1.0,12.125,15.67375,4.69875,1160.975,0.04375,29.875,0.09,64.4975,133.5075,10.5,19.375,6.75,7.125,16.875,12.0,22.0,0.0,1.0,15.0,15.0,8.0,97.0,125.39,37.59,9287.8,0.35,239.0,0.72,515.98,1068.06,84.0,155.0,54.0,57.0,135.0,1
0.0,0.0,1.0,0.0,1.0,0.0,0.0,3.0,3.0,3.0,11.63,2.0,46.53,0.01,9.0,0.08,2.58,23.26,4.0,5.0,3.0,3.0,5.0,1.0,3.0,0.0,0.0,2.0,1.0,1.0,9.0,18.26,12.25,1966.61,0.06,40.0,0.5,109.26,183.4,17.0,23.0,11.0,14.0,13.0,0.333333,2.333333,0.0,0.0,1.666667,1.0,1.0,6.333333,14.333333,8.1,1285.153,0.04,28.333333,0.226667,71.39667,122.4,11.666667,16.666667,7.333333,10.0,9.0,1.0,7.0,0.0,0.0,5.0,3.0,3.0,19.0,43.0,24.3,3855.46,0.12,85.0,0.68,214.19,367.2,35.0,50.0,22.0,30.0,27.0,1
0.0,3.0,2.0,100.0,0.0,0.0,1.0,38.0,11.0,0.0,5.33,1.5,12.0,0.0,4.0,0.67,0.67,8.0,1.0,3.0,1.0,3.0,2.0,0.0,1.0,0.0,0.0,1.0,1.0,1.0,0.0,7.74,1.5,17.41,0.0,5.0,0.67,0.97,11.61,2.0,3.0,2.0,3.0,4.0,0.0,1.0,0.0,0.0,1.0,1.0,1.0,0.0,7.258,1.5,16.328,0.0,4.8,0.67,0.91,10.888,1.8,3.0,1.8,3.0,2.4,0.0,5.0,0.0,0.0,5.0,5.0,5.0,0.0,36.29,7.5,81.64,0.0,24.0,3.35,4.55,54.44,9.0,15.0,9.0,15.0,12.0,1
0.0,0.0,1.0,50.0,0.0,0.0,0.0,2.0,2.0,1.0,0.0,0.0,0.0,0.0,1.0,0.0,0.0,0.0,0.0,1.0,0.0,1.0,3.0,2.0,4.0,3.0,1.0,3.0,2.0,1.0,10.0,14.51,7.0,711.05,0.03,26.0,0.14,39.5,101.58,7.0,19.0,5.0,10.0,18.0,1.0,2.5,1.5,0.5,2.0,1.5,1.0,5.5,7.255,3.5,355.525,0.015,13.5,0.07,19.75,50.79,3.5,10.0,2.5,5.5,10.5,2.0,5.0,3.0,1.0,4.0,3.0,2.0,11.0,14.51,7.0,711.05,0.03,27.0,0.14,39.5,101.58,7.0,20.0,5.0,11.0,21.0,1
50.0,1.0,2.0,100.0,0.0,0.0,1.0,30.0,20.0,0.0,6.2,1.5,17.41,0.0,5.0,0.4,0.97,11.61,1.0,3.0,1.0,3.0,2.0,0.0,1.0,0.0,0.0,1.0,1.0,1.0,0.0,7.74,2.5,38.77,0.01,6.0,0.67,2.15,15.51,2.0,5.0,2.0,5.0,2.0,0.0,1.0,0.0,0.0,1.0,1.0,1.0,0.0,7.226667,1.833333,24.53,0.003333,5.333333,0.58,1.363333,12.91,1.666667,3.666667,1.666667,3.666667,2.0,0.0,3.0,0.0,0.0,3.0,3.0,3.0,0.0,21.68,5.5,73.59,0.01,16.0,1.74,4.09,38.73,5.0,11.0,5.0,11.0,6.0,1
50.0,16.0,2.0,81.0,0.0,0.0,1.0,28.0,20.0,0.0,0.0,0.0,0.0,0.0,1.0,0.0,0.0,0.0,0.0,1.0,0.0,1.0,2.0,12.0,39.0,6.0,20.0,20.0,12.0,7.0,91.0,93.92,22.95,49471.62,0.72,340.0,0.67,2748.42,2155.55,140.0,200.0,61.0,20.0,131.0,2.8,7.6,0.75,2.55,4.45,2.8,1.65,21.2,29.3475,8.3645,7435.989,0.1395,75.1,0.21,413.11,418.08,31.15,43.95,15.1,9.35,29.3,56.0,152.0,15.0,51.0,89.0,56.0,33.0,424.0,586.95,167.29,148719.77,2.79,1502.0,4.2,8262.2,8361.6,623.0,879.0,302.0,187.0,586.0,0
100.0,3.0,1.0,67.0,0.0,0.0,0.0,17.0,17.0,0.0,5.33,1.5,12.0,0.0,4.0,0.09,0.67,8.0,1.0,3.0,1.0,3.0,1.0,3.0,5.0,3.0,2.0,3.0,3.0,1.0,9.0,54.91,11.0,1743.03,0.05,38.0,0.67,96.83,158.46,16.0,24.0,13.0,11.0,15.0,0.266667,1.8,0.4,0.133333,1.4,1.266667,1.0,4.333333,18.598,3.814667,414.6633,0.022,19.266667,0.424,23.03667,71.73,7.866667,11.4,5.266667,5.133333,6.733333,4.0,27.0,6.0,2.0,21.0,19.0,15.0,65.0,278.97,57.22,6219.95,0.33,289.0,6.36,345.55,1075.95,118.0,171.0,79.0,77.0,101.0,1
0.0,9.0,2.0,97.0,0.0,0.0,1.0,38.0,11.0,0.0,0.0,0.0,0.0,0.0,1.0,0.0,0.0,0.0,0.0,1.0,0.0,1.0,2.0,9.0,7.0,0.0,5.0,4.0,4.0,1.0,36.0,38.05,12.5,5945.41,0.16,92.0,0.67,330.3,475.63,35.0,57.0,21.0,15.0,54.0,0.909091,2.181818,0.0,0.454545,1.636364,1.454545,1.0,6.818182,12.302727,3.676364,836.3691,0.027273,19.909091,0.354545,46.46636,87.529091,7.909091,12.0,5.272727,5.363636,10.545455,10.0,24.0,0.0,5.0,18.0,16.0,11.0,75.0,135.33,40.44,9200.06,0.3,219.0,3.9,511.13,962.82,87.0,132.0,58.0,59.0,116.0,0
0.0,3.0,1.0,38.0,0.0,0.0,0.0,7.0,7.0,0.0,0.0,0.0,0.0,0.0,0.0,0.0,0.0,0.0,0.0,0.0,0.0,0.0,1.0,1.0,3.0,0.0,0.0,2.0,2.0,1.0,7.0,15.2,6.0,380.0,0.03,19.0,0.24,21.11,76.0,6.0,13.0,6.0,10.0,9.0,0.142857,2.714286,0.0,0.0,1.857143,1.857143,1.0,4.285714,10.735714,4.314286,264.3886,0.02,14.142857,0.172857,14.68857,53.077143,4.714286,9.428571,4.142857,7.285714,6.285714,1.0,19.0,0.0,0.0,13.0,13.0,7.0,30.0,75.15,30.2,1850.72,0.14,99.0,1.21,102.82,371.54,33.0,66.0,29.0,51.0,44.0,1
0.0,10.0,1.0,82.0,0.0,0.0,0.0,10.0,10.0,0.0,4.75,1.0,4.75,0.0,3.0,0.06,0.26,4.75,1.0,2.0,1.0,2.0,1.0,7.0,9.0,0.0,10.0,5.0,2.0,1.0,39.0,51.09,16.0,13079.79,0.27,148.0,1.0,726.66,817.49,60.0,88.0,30.0,16.0,61.0,1.0,2.333333,0.0,1.111111,1.666667,1.222222,1.0,6.333333,12.891111,3.925556,1520.952,0.035556,23.0,0.522222,84.49778,109.581111,8.888889,14.111111,5.222222,5.444444,10.777778,9.0,21.0,0.0,10.0,15.0,11.0,9.0,57.0,116.02,35.33,13688.57,0.32,207.0,4.7,760.48,986.23,80.0,127.0,47.0,49.0,97.0,0
0.0,11.0,3.0,0.0,0.0,0.0,1.0,41.0,9.0,0.0,0.0,0.0,0.0,0.0,1.0,0.0,0.0,0.0,0.0,1.0,0.0,1.0,2.0,6.0,29.0,0.0,1.0,15.0,14.0,9.0,78.0,79.66,23.54,34054.0,0.48,255.0,2.0,1891.89,1446.47,103.0,152.0,35.0,16.0,88.0,1.142857,9.857143,0.0,0.428571,5.428571,3.428571,3.285714,21.285714,37.167143,8.038571,7422.62,0.15,84.571429,0.428571,412.3686,451.634286,31.0,53.571429,15.142857,8.428571,27.285714,8.0,69.0,0.0,3.0,38.0,24.0,23.0,149.0,260.17,56.27,51958.34,1.05,592.0,3.0,2886.58,3161.44,217.0,375.0,106.0,59.0,191.0,1
0.0,4.0,1.0,0.0,0.0,0.0,0.0,5.0,5.0,0.0,0.0,0.0,0.0,0.0,0.0,0.0,0.0,0.0,0.0,0.0,0.0,0.0,2.0,0.0,3.0,0.0,0.0,2.0,2.0,1.0,0.0,0.0,0.0,0.0,0.0,1.0,0.0,0.0,0.0,0.0,1.0,0.0,1.0,20.0,0.0,2.2,0.0,0.0,1.6,1.6,1.0,0.0,0.0,0.0,0.0,0.0,0.2,0.0,0.0,0.0,0.0,0.2,0.0,0.2,12.8,0.0,11.0,0.0,0.0,8.0,8.0,5.0,0.0,0.0,0.0,0.0,0.0,1.0,0.0,0.0,0.0,0.0,1.0,0.0,1.0,64.0,0
0.0,4.0,1.0,0.0,0.0,0.0,0.0,5.0,5.0,0.0,0.0,0.0,0.0,0.0,0.0,0.0,0.0,0.0,0.0,0.0,0.0,0.0,2.0,0.0,1.0,0.0,0.0,1.0,1.0,1.0,0.0,0.0,0.0,0.0,0.0,1.0,0.0,0.0,0.0,0.0,1.0,0.0,1.0,15.0,0.0,1.0,0.0,0.0,1.0,1.0,1.0,0.0,0.0,0.0,0.0,0.0,0.2,0.0,0.0,0.0,0.0,0.2,0.0,0.2,9.8,0.0,5.0,0.0,0.0,5.0,5.0,5.0,0.0,0.0,0.0,0.0,0.0,1.0,0.0,0.0,0.0,0.0,1.0,0.0,1.0,49.0,1
0.0,4.0,1.0,0.0,0.0,0.0,0.0,5.0,5.0,0.0,0.0,0.0,0.0,0.0,0.0,0.0,0.0,0.0,0.0,0.0,0.0,0.0,2.0,2.0,1.0,0.0,1.0,1.0,1.0,1.0,13.0,47.55,6.5,2008.94,0.1,65.0,0.15,111.61,309.07,26.0,39.0,18.0,9.0,45.0,0.4,1.0,0.0,0.2,1.0,1.0,1.0,2.6,9.51,1.3,401.788,0.02,13.2,0.03,22.322,61.814,5.2,8.0,3.6,2.0,23.0,2.0,5.0,0.0,1.0,5.0,5.0,5.0,13.0,47.55,6.5,2008.94,0.1,66.0,0.15,111.61,309.07,26.0,40.0,18.0,10.0,115.0,0
0.0,14.0,4.0,73.0,0.0,0.0,2.0,92.0,23.0,0.0,0.0,0.0,0.0,0.0,1.0,0.0,0.0,0.0,0.0,1.0,0.0,1.0,2.0,12.0,37.0,3.0,12.0,19.0,19.0,15.0,96.0,70.4,26.59,49778.18,0.62,312.0,1.0,2765.45,1872.0,117.0,195.0,44.0,21.0,116.0,2.913044,10.652174,0.217391,2.173913,5.826087,5.217391,3.26087,30.304348,33.491304,12.424348,9427.804,0.173913,98.695652,0.161739,523.767,523.71087,37.043478,61.652174,17.73913,12.391304,39.043478,67.0,245.0,5.0,50.0,134.0,120.0,75.0,697.0,770.3,285.76,216839.49,4.0,2270.0,3.72,12046.64,12045.35,852.0,1418.0,408.0,285.0,898.0,0
0.0,12.0,2.0,89.0,0.0,0.0,1.0,55.0,21.0,0.0,0.0,0.0,0.0,0.0,1.0,0.0,0.0,0.0,0.0,1.0,0.0,1.0,2.0,3.0,5.0,0.0,1.0,3.0,3.0,1.0,28.0,124.45,9.64,4983.78,0.26,147.0,1.0,276.88,787.56,45.0,102.0,32.0,9.0,31.0,0.476191,1.571429,0.0,0.142857,1.285714,1.238095,1.0,4.809524,18.555714,2.837619,572.7457,0.029524,21.52381,0.523333,31.82095,95.709524,7.428571,14.095238,5.238095,4.333333,7.761905,10.0,33.0,0.0,3.0,27.0,26.0,21.0,101.0,389.67,59.59,12027.66,0.62,452.0,10.99,668.24,2009.9,156.0,296.0,110.0,91.0,163.0,1
0.0,0.0,1.0,100.0,1.0,0.0,0.0,98.0,98.0,0.0,0.0,0.0,0.0,0.0,1.0,0.0,0.0,0.0,0.0,1.0,0.0,1.0,2.0,0.0,3.0,0.0,0.0,2.0,1.0,1.0,2.0,22.33,3.5,273.48,0.03,20.0,0.67,15.19,78.14,8.0,12.0,8.0,7.0,5.0,0.0,1.1,0.0,0.0,1.05,1.0,1.0,0.2,13.4625,2.5,114.1325,0.0115,11.2,0.3925,6.3415,38.244,4.4,6.8,4.4,5.05,2.25,0.0,22.0,0.0,0.0,21.0,20.0,20.0,4.0,269.25,50.0,2282.65,0.23,224.0,7.85,126.83,764.88,88.0,136.0,88.0,101.0,45.0,1
0.0,13.0,2.0,75.0,0.0,0.0,1.0,36.0,8.0,0.0,5.33,1.0,8.0,0.0,4.0,0.07,0.44,8.0,1.0,2.0,1.0,2.0,3.0,12.0,19.0,0.0,4.0,10.0,10.0,3.0,76.0,100.98,14.77,22027.25,0.5,245.0,1.0,1223.74,1491.43,96.0,149.0,52.0,16.0,93.0,2.0,3.75,0.0,0.875,2.375,2.375,1.25,14.125,23.4575,4.6575,3123.418,0.07875,44.125,0.50125,173.5238,238.455,17.125,27.0,10.25,6.375,19.625,16.0,30.0,0.0,7.0,19.0,19.0,10.0,113.0,187.66,37.26,24987.34,0.63,353.0,4.01,1388.19,1907.64,137.0,216.0,82.0,51.0,157.0,0
0.0,10.0,1.0,96.0,0.0,0.0,0.0,98.0,98.0,0.0,0.0,0.0,0.0,0.0,1.0,0.0,0.0,0.0,0.0,1.0,0.0,1.0,2.0,58.0,53.0,0.0,5.0,27.0,18.0,21.0,137.0,104.99,53.75,176429.01,1.16,532.0,0.67,9801.61,3493.67,215.0,330.0,74.0,31.0,153.0,5.204082,10.673469,0.0,0.316327,5.836735,4.173469,3.520408,21.581633,29.235306,16.227347,20141.5,0.21449,114.0,0.157653,1118.972,645.315918,45.295918,68.704082,18.571429,14.112245,29.418367,510.0,1046.0,0.0,31.0,572.0,409.0,345.0,2115.0,2865.06,1590.28,1973866.93,21.02,11172.0,15.45,109659.3,63240.96,4439.0,6733.0,1820.0,1383.0,2883.0,0
67.0,14.0,3.0,96.0,0.0,0.0,1.0,48.0,18.0,0.0,0.0,0.0,0.0,0.0,1.0,0.0,0.0,0.0,0.0,1.0,0.0,1.0,1.0,35.0,53.0,3.0,44.0,27.0,25.0,8.0,198.0,107.5,27.42,80852.59,0.98,481.0,1.6,4491.81,2948.19,171.0,310.0,53.0,17.0,286.0,4.571429,9.571429,0.214286,3.857143,5.285714,4.642857,1.928571,31.5,33.986429,7.669286,11325.12,0.175,93.642857,0.4,629.1736,528.842857,34.714286,58.928571,14.785714,7.785714,43.785714,64.0,134.0,3.0,54.0,74.0,65.0,27.0,441.0,475.81,107.37,158551.66,2.45,1311.0,5.6,8808.43,7403.8,486.0,825.0,207.0,109.0,613.0,1
0.0,10.0,2.0,46.0,0.0,0.0,1.0,23.0,15.0,0.0,0.0,0.0,0.0,0.0,1.0,0.0,0.0,0.0,0.0,1.0,0.0,1.0,3.0,5.0,3.0,0.0,0.0,2.0,2.0,1.0,15.0,45.4,8.16,2726.93,0.12,74.0,2.0,151.5,351.86,31.0,43.0,18.0,9.0,27.0,1.4,2.466667,0.0,0.0,1.733333,1.733333,1.0,8.666667,20.344,5.353333,1008.942,0.046,32.066667,0.35,56.05133,138.944667,13.333333,18.733333,8.133333,6.666667,15.333333,21.0,37.0,0.0,0.0,26.0,26.0,15.0,130.0,305.16,80.3,15134.13,0.69,481.0,5.25,840.77,2084.17,200.0,281.0,122.0,100.0,230.0,1
0.0,5.0,1.0,100.0,0.0,0.0,0.0,18.0,18.0,0.0,0.0,0.0,0.0,0.0,0.0,0.0,0.0,0.0,0.0,0.0,0.0,0.0,3.0,0.0,1.0,0.0,0.0,1.0,1.0,1.0,2.0,5.33,1.5,12.0,0.0,4.0,1.0,0.67,8.0,1.0,3.0,1.0,3.0,15.0,0.0,1.0,0.0,0.0,1.0,1.0,1.0,0.235294,0.592941,0.147059,0.985294,0.0,0.411765,0.098235,0.054706,0.75,0.117647,0.294118,0.117647,0.294118,8.647059,0.0,17.0,0.0,0.0,17.0,17.0,17.0,4.0,10.08,2.5,16.75,0.0,7.0,1.67,0.93,12.75,2.0,5.0,2.0,5.0,147.0,1
0.0,5.0,1.0,78.0,0.0,0.0,0.0,14.0,14.0,0.0,0.0,0.0,0.0,0.0,0.0,0.0,0.0,0.0,0.0,0.0,0.0,0.0,3.0,0.0,5.0,0.0,0.0,3.0,3.0,1.0,2.0,5.33,1.5,12.0,0.0,4.0,2.0,0.67,8.0,1.0,3.0,1.0,3.0,45.0,0.0,1.571429,0.0,0.0,1.285714,1.285714,1.0,0.214286,1.005714,0.214286,1.267857,0.0,0.714286,0.262143,0.070714,1.053571,0.214286,0.5,0.214286,0.5,24.5,0.0,22.0,0.0,0.0,18.0,18.0,14.0,3.0,14.08,3.0,17.75,0.0,10.0,3.67,0.99,14.75,3.0,7.0,3.0,7.0,343.0,1
0.0,4.0,1.0,0.0,0.0,0.0,0.0,8.0,8.0,0.0,0.0,0.0,0.0,0.0,0.0,0.0,0.0,0.0,0.0,0.0,0.0,0.0,2.0,0.0,3.0,0.0,0.0,2.0,2.0,1.0,0.0,0.0,0.0,0.0,0.0,1.0,0.0,0.0,0.0,0.0,1.0,0.0,1.0,27.0,0.0,2.5,0.0,0.0,1.75,1.75,1.0,0.0,0.0,0.0,0.0,0.0,0.125,0.0,0.0,0.0,0.0,0.125,0.0,0.125,16.0,0.0,20.0,0.0,0.0,14.0,14.0,8.0,0.0,0.0,0.0,0.0,0.0,1.0,0.0,0.0,0.0,0.0,1.0,0.0,1.0,128.0,1
0.0,1.0,2.0,0.0,0.0,0.0,1.0,2.0,2.0,0.0,0.0,0.0,0.0,0.0,1.0,0.0,0.0,0.0,1.0,0.0,1.0,0.0,2.0,0.0,1.0,0.0,0.0,1.0,1.0,1.0,1.0,6.2,2.5,38.77,0.01,6.0,0.4,2.15,15.51,1.0,5.0,1.0,5.0,3.0,0.0,1.0,0.0,0.0,1.0,1.0,1.0,0.5,3.1,1.25,19.385,0.005,3.5,0.2,1.075,7.755,1.0,2.5,1.0,2.5,2.5,0.0,2.0,0.0,0.0,2.0,2.0,2.0,1.0,6.2,2.5,38.77,0.01,7.0,0.4,2.15,15.51,2.0,5.0,2.0,5.0,5.0,1
30.0,14.0,4.0,87.0,5.0,0.0,1.0,61.0,26.0,0.0,0.0,0.0,0.0,0.0,1.0,0.0,0.0,0.0,0.0,1.0,0.0,1.0,3.0,16.0,49.0,8.0,9.0,25.0,25.0,19.0,116.0,84.67,30.36,73847.58,0.81,401.0,1.0,4102.64,2432.5,133.0,268.0,46.0,21.0,149.0,3.590909,9.909091,0.545455,1.181818,5.454545,5.181818,3.363636,27.181818,29.329546,10.169091,8912.434,0.146818,83.409091,0.188636,495.135,442.703182,28.681818,54.727273,13.181818,10.136364,35.045455,79.0,218.0,12.0,26.0,120.0,114.0,74.0,598.0,645.25,223.72,196073.55,3.23,1835.0,4.15,10892.97,9739.47,631.0,1204.0,290.0,223.0,771.0,1
0.0,14.0,5.0,96.0,0.0,0.0,1.0,54.0,8.0,2.0,7.75,2.0,31.02,0.01,6.0,0.06,1.72,15.51,2.0,4.0,2.0,4.0,4.0,8.0,27.0,0.0,1.0,14.0,14.0,8.0,69.0,57.94,18.07,18928.42,0.35,193.0,0.5,1051.58,1047.27,61.0,132.0,27.0,16.0,76.0,2.875,11.0,0.0,0.125,6.0,6.0,1.875,32.375,34.03625,10.0525,6338.664,0.1475,86.625,0.1775,352.1463,439.75125,28.375,58.25,14.75,11.0,37.75,23.0,88.0,0.0,1.0,48.0,48.0,15.0,259.0,272.29,80.42,50709.31,1.18,693.0,1.42,2817.17,3518.01,227.0,466.0,118.0,88.0,302.0,1
0.0,18.0,5.0,83.0,0.0,0.0,1.0,58.0,10.0,0.0,4.75,1.0,4.75,0.0,3.0,0.03,0.26,4.75,1.0,2.0,1.0,2.0,2.0,8.0,41.0,1.0,5.0,21.0,21.0,13.0,107.0,65.48,35.32,81676.45,0.77,384.0,1.0,4537.58,2312.59,148.0,236.0,44.0,21.0,123.0,2.1,7.9,0.4,1.5,4.5,4.5,2.4,27.5,26.877,10.133,11956.85,0.159,87.5,0.308,664.269,477.229,31.8,55.7,13.3,9.6,33.8,21.0,79.0,4.0,15.0,45.0,45.0,24.0,275.0,268.77,101.33,119568.55,1.59,875.0,3.08,6642.69,4772.29,318.0,557.0,133.0,96.0,338.0,1
0.0,14.0,5.0,91.0,0.0,0.0,1.0,54.0,8.0,2.0,13.21,2.0,72.0,0.01,10.0,0.05,4.0,31.7,4.0,4.0,4.0,4.0,10.0,5.0,25.0,2.0,8.0,13.0,13.0,8.0,68.0,54.82,19.52,20885.76,0.36,196.0,0.5,1160.32,1070.05,62.0,134.0,27.0,17.0,77.0,2.0,10.0,0.375,3.0,5.5,5.5,1.875,30.125,33.0825,10.1325,6452.371,0.14,82.5,0.1825,358.4663,419.97875,27.375,55.125,14.75,11.375,38.125,16.0,80.0,3.0,24.0,44.0,44.0,15.0,241.0,264.66,81.06,51618.97,1.12,660.0,1.46,2867.73,3359.83,219.0,441.0,118.0,91.0,305.0,0
0.0,17.0,5.0,93.0,0.0,0.0,1.0,54.0,6.0,4.0,13.21,2.4,76.08,0.01,10.0,0.05,4.23,31.7,6.0,4.0,5.0,4.0,7.0,7.0,33.0,1.0,2.0,17.0,17.0,10.0,79.0,56.75,19.38,21323.71,0.37,204.0,0.42,1184.65,1100.03,63.0,141.0,26.0,18.0,91.0,2.666667,13.0,0.333333,1.0,7.0,7.0,3.333333,35.666667,34.563333,11.111667,8033.59,0.165,95.333333,0.153333,446.3117,491.1,30.666667,64.666667,15.333333,11.5,42.333333,16.0,78.0,2.0,6.0,42.0,42.0,20.0,214.0,207.38,66.67,48201.54,0.99,572.0,0.92,2677.87,2946.6,184.0,388.0,92.0,69.0,254.0,1
0.0,17.0,5.0,93.0,0.0,0.0,1.0,54.0,6.0,4.0,13.21,2.4,76.08,0.01,10.0,0.06,4.23,31.7,6.0,4.0,5.0,4.0,7.0,6.0,21.0,1.0,2.0,11.0,11.0,8.0,52.0,43.32,18.0,13794.44,0.26,144.0,0.42,766.36,766.36,44.0,100.0,22.0,18.0,63.0,2.5,9.666667,0.166667,0.833333,5.333333,5.333333,3.0,28.666667,30.103333,10.48,5801.14,0.13,77.166667,0.155,322.2867,388.661667,25.5,51.666667,14.0,11.666667,34.833333,15.0,58.0,1.0,5.0,32.0,32.0,18.0,172.0,180.62,62.88,34806.84,0.78,463.0,0.93,1933.72,2331.97,153.0,310.0,84.0,70.0,209.0,1
0.0,14.0,3.0,81.0,0.0,0.0,1.0,46.0,11.0,0.0,0.0,0.0,0.0,0.0,1.0,0.0,0.0,0.0,0.0,1.0,0.0,1.0,2.0,6.0,15.0,1.0,3.0,8.0,8.0,3.0,45.0,42.9,27.06,17479.25,0.22,124.0,1.0,971.07,645.97,46.0,78.0,19.0,20.0,57.0,1.8,4.5,0.1,0.5,2.8,2.7,1.4,14.7,18.007,7.693,3281.062,0.068,43.0,0.306,182.282,206.055,15.9,27.1,8.5,8.4,20.0,18.0,45.0,1.0,5.0,28.0,27.0,14.0,147.0,180.07,76.93,32810.62,0.68,430.0,3.06,1822.82,2060.55,159.0,271.0,85.0,84.0,200.0,1
0.0,12.0,2.0,80.0,0.0,0.0,1.0,37.0,10.0,0.0,5.33,1.0,8.0,0.0,4.0,0.04,0.44,8.0,1.0,2.0,1.0,2.0,2.0,7.0,13.0,0.0,1.0,7.0,7.0,3.0,46.0,49.31,26.13,15946.3,0.2,119.0,1.0,885.91,610.38,44.0,75.0,21.0,19.0,52.0,2.0,4.888889,0.0,0.222222,3.0,2.888889,1.444444,17.555556,21.524444,8.541111,3632.836,0.077778,49.888889,0.375556,201.8244,238.708889,18.333333,31.555556,9.777778,9.0,23.0,18.0,44.0,0.0,2.0,27.0,26.0,13.0,158.0,193.72,76.87,32695.52,0.7,449.0,3.38,1816.42,2148.38,165.0,284.0,88.0,81.0,207.0,1
0.0,6.0,2.0,95.0,0.0,0.0,1.0,59.0,24.0,0.0,0.0,0.0,0.0,0.0,1.0,0.0,0.0,0.0,0.0,1.0,0.0,1.0,1.0,2.0,5.0,0.0,1.0,3.0,3.0,1.0,25.0,119.9,9.75,5824.19,0.28,154.0,0.67,323.57,835.64,46.0,108.0,33.0,10.0,32.0,0.375,1.333333,0.0,0.125,1.166667,1.166667,1.0,3.208333,14.217083,2.621667,440.5667,0.0225,16.75,0.517083,24.47833,71.729583,5.208333,11.541667,3.958333,4.333333,5.625,9.0,32.0,0.0,3.0,28.0,28.0,24.0,77.0,341.21,62.92,10573.6,0.54,402.0,12.41,587.48,1721.51,125.0,277.0,95.0,104.0,135.0,1
0.0,15.0,3.0,94.0,0.0,0.0,1.0,44.0,9.0,0.0,0.0,0.0,0.0,0.0,1.0,0.0,0.0,0.0,0.0,1.0,0.0,1.0,2.0,7.0,9.0,1.0,3.0,5.0,5.0,3.0,33.0,41.08,14.74,7570.25,0.17,101.0,1.0,420.57,516.99,41.0,62.0,21.0,15.0,49.0,1.888889,4.222222,0.111111,0.888889,2.666667,2.555556,1.666667,15.333333,21.018889,7.366667,2872.083,0.075556,48.222222,0.27,159.56,230.58,18.111111,30.111111,9.777778,8.333333,21.0,17.0,38.0,1.0,8.0,24.0,23.0,15.0,138.0,189.17,66.3,25848.75,0.68,434.0,2.43,1436.04,2075.22,163.0,271.0,88.0,75.0,189.0,1
0.0,14.0,2.0,86.0,0.0,0.0,1.0,37.0,10.0,0.0,0.0,0.0,0.0,0.0,1.0,0.0,0.0,0.0,0.0,1.0,0.0,1.0,2.0,6.0,9.0,0.0,1.0,5.0,5.0,3.0,32.0,44.35,16.18,8233.66,0.17,100.0,1.0,457.43,508.75,41.0,59.0,19.0,15.0,48.0,1.444444,3.222222,0.0,0.333333,2.111111,2.111111,1.444444,11.333333,17.475556,5.658889,1830.057,0.052222,34.555556,0.335556,101.67,160.004444,12.777778,21.777778,7.555556,7.111111,16.111111,13.0,29.0,0.0,3.0,19.0,19.0,13.0,102.0,157.28,50.93,16470.51,0.47,311.0,3.02,915.03,1440.04,115.0,196.0,68.0,64.0,145.0,1
0.0,10.0,2.0,85.0,0.0,0.0,1.0,37.0,9.0,0.0,0.0,0.0,0.0,0.0,1.0,0.0,0.0,0.0,0.0,1.0,0.0,1.0,2.0,7.0,9.0,0.0,1.0,5.0,4.0,3.0,27.0,44.35,10.13,4365.26,0.15,88.0,1.0,242.51,440.0,29.0,59.0,19.0,13.0,33.0,1.5,3.25,0.0,0.25,2.125,2.0,1.5,9.875,17.47,4.6375,1316.824,0.04625,30.75,0.36625,73.15625,140.10125,10.875,19.875,7.0,6.375,14.0,12.0,26.0,0.0,2.0,17.0,16.0,12.0,79.0,139.76,37.1,10534.59,0.37,246.0,2.93,585.25,1120.81,87.0,159.0,56.0,51.0,112.0,1
0.0,1.0,4.0,100.0,0.0,0.0,1.0,53.0,22.0,0.0,4.75,1.0,4.75,0.0,3.0,0.4,0.26,4.75,1.0,2.0,1.0,2.0,2.0,0.0,1.0,0.0,0.0,1.0,1.0,1.0,1.0,12.68,2.5,79.25,0.01,10.0,1.0,4.4,31.7,4.0,6.0,4.0,5.0,6.0,0.0,1.0,0.0,0.0,1.0,1.0,1.0,0.333333,8.486667,1.75,35.01167,0.003333,6.166667,0.635,1.945,16.561667,2.333333,3.833333,2.333333,3.5,4.333333,0.0,6.0,0.0,0.0,6.0,6.0,6.0,2.0,50.92,10.5,210.07,0.02,37.0,3.81,11.67,99.37,14.0,23.0,14.0,21.0,26.0,1
0.0,1.0,2.0,100.0,0.0,0.0,1.0,20.0,16.0,0.0,4.75,1.0,4.75,0.0,3.0,0.28,0.26,4.75,1.0,2.0,1.0,2.0,2.0,0.0,1.0,0.0,0.0,1.0,1.0,1.0,6.0,16.34,3.6,211.72,0.02,17.0,1.0,11.76,58.81,6.0,11.0,5.0,6.0,8.0,0.0,1.0,0.0,0.0,1.0,1.0,1.0,1.5,8.57,2.15,69.4,0.0075,7.75,0.5875,3.855,22.8025,2.5,5.25,2.25,4.0,3.5,0.0,4.0,0.0,0.0,4.0,4.0,4.0,6.0,34.28,8.6,277.6,0.03,31.0,2.35,15.42,91.21,10.0,21.0,9.0,16.0,14.0,1
0.0,1.0,3.0,100.0,0.0,0.0,1.0,33.0,14.0,0.0,4.75,1.0,4.75,0.0,3.0,0.67,0.26,4.75,1.0,2.0,1.0,2.0,1.0,0.0,1.0,0.0,0.0,1.0,1.0,1.0,0.0,5.33,1.5,12.0,0.0,4.0,1.0,0.67,8.0,1.0,3.0,1.0,3.0,2.0,0.0,1.0,0.0,0.0,1.0,1.0,1.0,0.0,5.136667,1.333333,9.583333,0.0,3.666667,0.78,0.533333,6.916667,1.0,2.666667,1.0,2.666667,1.666667,0.0,3.0,0.0,0.0,3.0,3.0,3.0,0.0,15.41,4.0,28.75,0.0,11.0,2.34,1.6,20.75,3.0,8.0,3.0,8.0,5.0,1
0.0,0.0,1.0,0.0,2.0,0.0,0.0,9.0,9.0,0.0,4.75,1.0,4.75,0.0,3.0,0.67,0.26,4.75,1.0,2.0,1.0,2.0,2.0,0.0,1.0,0.0,0.0,1.0,1.0,1.0,0.0,5.33,1.5,12.0,0.0,4.0,1.0,0.67,8.0,1.0,3.0,1.0,3.0,2.0,0.0,1.0,0.0,0.0,1.0,1.0,1.0,0.0,5.04,1.25,8.375,0.0,3.5,0.835,0.465,6.375,1.0,2.5,1.0,2.5,2.0,0.0,2.0,0.0,0.0,2.0,2.0,2.0,0.0,10.08,2.5,16.75,0.0,7.0,1.67,0.93,12.75,2.0,5.0,2.0,5.0,4.0,1
0.0,14.0,4.0,97.0,0.0,0.0,1.0,53.0,22.0,0.0,0.0,0.0,0.0,0.0,1.0,0.0,0.0,0.0,0.0,1.0,0.0,1.0,2.0,6.0,57.0,1.0,11.0,29.0,29.0,13.0,126.0,85.01,36.77,114916.0,1.04,519.0,1.0,6384.22,3125.61,192.0,327.0,47.0,18.0,135.0,1.047619,6.52381,0.142857,1.47619,3.761905,3.52381,1.952381,18.285714,25.40381,9.11,8525.145,0.125714,72.857143,0.253333,473.6186,378.847143,28.0,44.857143,11.809524,8.666667,25.142857,22.0,137.0,3.0,31.0,79.0,74.0,41.0,384.0,533.48,191.31,179028.05,2.64,1530.0,5.32,9945.99,7955.79,588.0,942.0,248.0,182.0,528.0,0
33.0,10.0,2.0,95.0,0.0,0.0,1.0,42.0,15.0,0.0,0.0,0.0,0.0,0.0,1.0,0.0,0.0,0.0,0.0,1.0,0.0,1.0,2.0,4.0,17.0,0.0,6.0,9.0,6.0,3.0,50.0,53.98,14.76,8849.14,0.2,121.0,1.0,491.62,599.46,62.0,72.0,21.0,14.0,57.0,1.066667,3.266667,0.0,0.666667,2.2,2.0,1.266667,10.066667,15.348,4.378,1488.366,0.042667,28.666667,0.443333,82.68733,130.548,11.333333,17.333333,5.933333,5.4,14.6,16.0,49.0,0.0,10.0,33.0,30.0,19.0,151.0,230.22,65.67,22325.49,0.64,430.0,6.65,1240.31,1958.22,170.0,260.0,89.0,81.0,219.0,1
0.0,9.0,6.0,86.0,0.0,0.0,1.0,222.0,100.0,2.0,5.8,1.5,17.41,0.0,5.0,0.02,0.97,11.61,1.0,3.0,1.0,3.0,4.0,7.0,55.0,7.0,17.0,28.0,16.0,16.0,144.0,56.22,51.24,147636.19,0.96,482.0,0.67,8202.01,2881.05,191.0,291.0,41.0,22.0,162.0,0.714286,3.207792,0.74026,1.220779,2.103896,1.935065,1.272727,9.545455,13.480649,5.887143,2981.452,0.042987,28.012987,0.301299,165.6355,129.700649,9.831169,18.181818,5.441558,8.142857,14.38961,55.0,247.0,57.0,94.0,162.0,149.0,98.0,735.0,1038.01,453.31,229571.79,3.31,2157.0,23.2,12753.93,9986.95,757.0,1400.0,419.0,627.0,1108.0,1
100.0,20.0,4.0,95.0,0.0,0.0,2.0,85.0,28.0,0.0,0.0,0.0,0.0,0.0,1.0,0.0,0.0,0.0,0.0,1.0,0.0,1.0,2.0,32.0,31.0,0.0,44.0,16.0,14.0,12.0,142.0,140.96,33.6,98179.22,1.01,453.0,0.5,5454.4,3028.98,190.0,263.0,84.0,28.0,220.0,9.954546,11.909091,0.0,11.545455,6.454545,5.681818,3.772727,55.954546,56.528636,15.260455,22530.42,0.348182,174.318182,0.099091,1251.689,1045.1,71.590909,102.727273,32.772727,14.363636,79.818182,219.0,262.0,0.0,254.0,142.0,125.0,83.0,1231.0,1243.63,335.73,495669.16,7.66,3835.0,2.18,27537.15,22992.2,1575.0,2260.0,721.0,316.0,1756.0,0
0.0,12.0,2.0,83.0,0.0,0.0,1.0,52.0,39.0,0.0,5.33,1.1,12.0,0.0,4.0,0.04,0.67,8.0,1.0,3.0,1.0,2.0,2.0,12.0,15.0,1.0,21.0,8.0,8.0,4.0,75.0,78.07,23.74,24784.89,0.39,212.0,0.91,1376.94,1184.01,91.0,121.0,36.0,17.0,92.0,1.885714,5.342857,0.028571,1.285714,3.171429,2.914286,1.485714,25.0,31.580857,8.654,4693.968,0.115714,69.114286,0.248571,260.7771,347.857714,28.142857,40.971429,14.285714,9.257143,32.428571,66.0,187.0,1.0,45.0,111.0,102.0,52.0,875.0,1105.33,302.89,164288.87,4.05,2419.0,8.7,9127.2,12175.02,985.0,1434.0,500.0,324.0,1135.0,0
0.0,13.0,2.0,80.0,0.0,0.0,1.0,45.0,37.0,0.0,0.0,0.0,0.0,0.0,1.0,0.0,0.0,0.0,0.0,1.0,0.0,1.0,1.0,3.0,13.0,0.0,5.0,7.0,5.0,4.0,35.0,46.64,17.45,9110.4,0.22,124.0,1.33,506.13,650.74,48.0,76.0,24.0,16.0,44.0,0.722222,2.888889,0.0,0.25,1.944444,1.722222,1.388889,9.083333,18.347778,4.996389,979.6533,0.037222,25.333333,0.328611,54.425,107.36,10.027778,15.305556,7.0,6.722222,13.055556,26.0,104.0,0.0,9.0,70.0,62.0,50.0,327.0,660.52,179.87,35267.52,1.34,912.0,11.83,1959.3,3864.96,361.0,551.0,252.0,242.0,470.0,0
0.0,16.0,2.0,87.0,0.0,0.0,1.0,40.0,12.0,0.0,0.0,0.0,0.0,0.0,1.0,0.0,0.0,0.0,0.0,1.0,0.0,1.0,1.0,9.0,25.0,0.0,8.0,13.0,12.0,6.0,86.0,71.07,23.33,24551.51,0.42,214.0,0.67,1363.97,1264.07,83.0,131.0,42.0,22.0,101.0,1.75,6.333333,0.0,1.083333,3.666667,3.416667,2.083333,19.0,21.494167,7.961667,5696.767,0.105833,59.416667,0.3325,316.4883,320.158333,21.75,37.666667,11.25,8.916667,23.5,21.0,76.0,0.0,13.0,44.0,41.0,25.0,228.0,257.93,95.54,68361.2,1.27,713.0,3.99,3797.86,3841.9,261.0,452.0,135.0,107.0,282.0,0
0.0,9.0,1.0,0.0,0.0,0.0,0.0,18.0,18.0,1.0,0.0,0.0,0.0,0.0,1.0,0.0,0.0,0.0,0.0,1.0,0.0,1.0,3.0,6.0,25.0,5.0,18.0,13.0,11.0,10.0,85.0,65.81,28.86,54815.82,0.63,304.0,0.21,3045.32,1899.37,111.0,193.0,50.0,26.0,102.0,0.333333,2.333333,0.277778,1.166667,1.666667,1.555556,1.5,10.5,19.747222,5.668889,3436.059,0.061111,36.888889,0.170556,190.8928,184.733889,13.888889,23.0,9.055556,8.222222,16.555556,6.0,42.0,5.0,21.0,30.0,28.0,27.0,189.0,355.45,102.04,61849.06,1.1,664.0,3.07,3436.07,3325.21,250.0,414.0,163.0,148.0,298.0,0
0.0,7.0,1.0,0.0,0.0,0.0,0.0,15.0,15.0,1.0,0.0,0.0,0.0,0.0,1.0,0.0,0.0,0.0,0.0,1.0,0.0,1.0,3.0,3.0,7.0,0.0,11.0,4.0,3.0,3.0,25.0,61.35,10.82,5688.55,0.2,111.0,0.67,316.03,590.73,40.0,71.0,27.0,14.0,43.0,0.866667,2.333333,0.0,1.133333,1.666667,1.4,1.266667,7.066667,17.852,5.023333,941.586,0.041333,27.733333,0.195333,52.31,120.742667,9.666667,18.066667,6.733333,7.266667,12.666667,13.0,35.0,0.0,17.0,25.0,21.0,19.0,106.0,267.78,75.35,14123.79,0.62,416.0,2.93,784.65,1811.14,145.0,271.0,101.0,109.0,190.0,0
0.0,9.0,2.0,93.0,0.0,0.0,1.0,49.0,14.0,0.0,0.0,0.0,0.0,0.0,0.0,0.0,0.0,0.0,0.0,0.0,0.0,0.0,1.0,9.0,12.0,0.0,2.0,7.0,6.0,3.0,86.0,85.07,26.82,61212.81,0.76,362.0,0.67,3400.71,2281.97,139.0,223.0,57.0,22.0,100.0,0.642857,1.785714,0.0,0.142857,1.428571,1.357143,1.142857,6.214286,10.264286,3.094286,4381.772,0.054286,29.071429,0.529286,243.4343,169.283571,10.714286,18.357143,4.857143,4.0,8.214286,9.0,25.0,0.0,2.0,20.0,19.0,16.0,87.0,143.7,43.32,61344.81,0.76,407.0,7.41,3408.08,2369.97,150.0,257.0,68.0,56.0,115.0,0
0.0,4.0,1.0,0.0,0.0,0.0,0.0,16.0,16.0,1.0,0.0,0.0,0.0,0.0,1.0,0.0,0.0,0.0,0.0,1.0,0.0,1.0,3.0,0.0,1.0,0.0,0.0,1.0,1.0,1.0,14.0,66.16,5.64,2101.93,0.12,76.0,0.19,116.77,372.92,31.0,45.0,22.0,8.0,24.0,0.0,1.0,0.0,0.0,1.0,1.0,1.0,10.5625,45.705625,4.84,1410.484,0.085,53.9375,0.15875,78.36188,253.870625,21.6875,32.25,15.625,7.125,18.125,0.0,16.0,0.0,0.0,16.0,16.0,16.0,169.0,731.29,77.44,22567.75,1.36,863.0,2.54,1253.79,4061.93,347.0,516.0,250.0,114.0,290.0,0
0.0,3.0,1.0,0.0,0.0,0.0,0.0,8.0,8.0,1.0,0.0,0.0,0.0,0.0,1.0,0.0,0.0,0.0,0.0,1.0,0.0,1.0,3.0,1.0,3.0,0.0,0.0,2.0,2.0,1.0,21.0,64.5,7.14,3291.0,0.15,93.0,0.67,182.83,460.74,30.0,63.0,21.0,11.0,30.0,0.125,2.25,0.0,0.0,1.625,1.625,1.0,10.625,24.915,4.21875,1059.696,0.05125,35.125,0.1825,58.87125,160.8125,11.25,23.875,8.75,7.0,14.5,1.0,18.0,0.0,0.0,13.0,13.0,8.0,85.0,199.32,33.75,8477.57,0.41,281.0,1.46,470.97,1286.5,90.0,191.0,70.0,56.0,116.0,0
0.0,6.0,1.0,62.0,0.0,0.0,0.0,8.0,8.0,1.0,0.0,0.0,0.0,0.0,1.0,0.0,0.0,0.0,0.0,1.0,0.0,1.0,3.0,0.0,11.0,0.0,12.0,6.0,2.0,1.0,19.0,17.43,22.4,6738.55,0.1,64.0,0.5,374.36,300.83,28.0,36.0,10.0,16.0,27.0,0.0,3.8,0.0,3.4,2.4,1.4,1.0,8.6,10.282,8.68,1855.82,0.034,24.8,0.172,103.1,106.128,10.4,14.4,5.0,8.2,14.2,0.0,19.0,0.0,17.0,12.0,7.0,5.0,43.0,51.41,43.4,9279.1,0.17,124.0,0.86,515.5,530.64,52.0,72.0,25.0,41.0,71.0,1
0.0,1.0,1.0,75.0,0.0,0.0,0.0,6.0,6.0,1.0,0.0,0.0,0.0,0.0,1.0,0.0,0.0,0.0,0.0,1.0,0.0,1.0,3.0,0.0,1.0,0.0,0.0,1.0,1.0,1.0,3.0,9.51,3.5,99.85,0.01,9.0,2.0,5.55,28.53,2.0,7.0,2.0,7.0,6.0,0.0,1.0,0.0,0.0,1.0,1.0,1.0,2.166667,6.305,1.25,21.435,0.001667,4.0,0.938333,1.191667,9.005,1.333333,2.666667,1.333333,2.666667,4.333333,0.0,6.0,0.0,0.0,6.0,6.0,6.0,13.0,37.83,7.5,128.61,0.01,24.0,5.63,7.15,54.03,8.0,16.0,8.0,16.0,26.0,1
100.0,22.0,1.0,94.0,0.0,0.0,0.0,31.0,31.0,0.0,4.75,1.0,4.75,0.0,3.0,0.03,0.26,4.75,1.0,2.0,1.0,2.0,2.0,13.0,31.0,2.0,10.0,16.0,16.0,13.0,75.0,81.45,30.44,38352.97,0.42,216.0,1.0,2130.72,1259.9,90.0,126.0,35.0,23.0,97.0,1.387097,4.16129,0.064516,0.580645,2.580645,2.451613,1.806452,12.129032,18.247419,5.357742,3450.514,0.065806,39.580645,0.45871,191.6968,201.119032,14.806452,24.774194,7.83871,6.548387,16.903226,43.0,129.0,2.0,18.0,80.0,76.0,56.0,376.0,565.67,166.09,106965.92,2.04,1227.0,14.22,5942.6,6234.69,459.0,768.0,243.0,203.0,524.0,0
11.0,16.0,3.0,93.0,0.0,0.0,1.0,38.0,32.0,0.0,3.62,1.0,8.0,0.0,4.0,0.04,0.44,8.0,1.0,2.0,1.0,2.0,2.0,5.0,17.0,1.0,4.0,9.0,6.0,7.0,35.0,39.53,23.4,8324.42,0.15,90.0,1.0,462.47,445.88,36.0,54.0,18.0,18.0,48.0,0.65625,2.9375,0.0625,0.28125,1.96875,1.78125,1.28125,6.34375,14.557188,5.39,910.2791,0.030625,22.78125,0.337188,50.57125,92.836563,8.0,14.78125,5.21875,6.84375,10.28125,21.0,94.0,2.0,9.0,63.0,57.0,41.0,203.0,465.83,172.48,29128.93,0.98,729.0,10.79,1618.28,2970.77,256.0,473.0,167.0,219.0,329.0,0
100.0,19.0,1.0,90.0,0.0,0.0,0.0,35.0,35.0,0.0,4.75,1.0,4.75,0.0,3.0,0.06,0.26,4.75,1.0,2.0,1.0,2.0,1.0,12.0,13.0,0.0,10.0,7.0,7.0,3.0,48.0,73.18,15.47,17523.69,0.38,195.0,1.0,973.54,1132.43,71.0,124.0,39.0,17.0,72.0,0.971429,2.485714,0.0,0.571429,1.771429,1.714286,1.114286,7.714286,18.374571,4.183429,1400.306,0.043143,28.6,0.45,77.796,132.596,10.742857,17.857143,6.971429,5.914286,11.828571,34.0,87.0,0.0,20.0,62.0,60.0,39.0,270.0,643.11,146.42,49010.7,1.51,1001.0,15.75,2722.86,4640.86,376.0,625.0,244.0,207.0,414.0,0
0.0,6.0,3.0,74.0,0.0,0.0,2.0,48.0,21.0,0.0,0.0,0.0,0.0,0.0,1.0,0.0,0.0,0.0,0.0,1.0,0.0,1.0,1.0,3.0,9.0,0.0,0.0,5.0,5.0,1.0,27.0,26.16,18.75,9196.23,0.16,99.0,2.0,510.9,490.47,40.0,59.0,16.0,16.0,34.0,0.428571,2.619048,0.0,0.0,1.809524,1.666667,1.0,6.761905,10.975238,5.604762,1109.126,0.029524,22.047619,0.297619,61.61857,90.439048,8.52381,13.52381,4.619048,6.666667,10.0,9.0,55.0,0.0,0.0,38.0,35.0,21.0,142.0,230.48,117.7,23291.64,0.62,463.0,6.25,1293.99,1899.22,179.0,284.0,97.0,140.0,210.0,0
0.0,9.0,1.0,83.0,0.0,0.0,0.0,14.0,14.0,0.0,4.75,1.0,4.75,0.0,3.0,0.05,0.26,4.75,1.0,2.0,1.0,2.0,2.0,5.0,11.0,1.0,2.0,6.0,5.0,5.0,41.0,40.21,20.0,16084.69,0.27,144.0,1.0,893.59,804.23,56.0,88.0,28.0,20.0,50.0,0.714286,3.0,0.071429,0.214286,2.0,1.857143,1.285714,8.071429,14.045714,4.862857,1814.401,0.041429,26.571429,0.476429,100.8,127.522143,10.285714,16.285714,6.642857,6.928571,11.571429,10.0,42.0,1.0,3.0,28.0,26.0,18.0,113.0,196.64,68.08,25401.61,0.58,372.0,6.67,1411.2,1785.31,144.0,228.0,93.0,97.0,162.0,0
0.0,4.0,2.0,84.0,1.0,0.0,2.0,33.0,13.0,0.0,0.0,0.0,0.0,0.0,1.0,0.0,0.0,0.0,0.0,1.0,0.0,1.0,1.0,2.0,9.0,0.0,0.0,5.0,3.0,1.0,17.0,20.02,11.33,1921.01,0.06,39.0,0.67,106.72,176.42,17.0,25.0,9.0,14.0,20.0,0.461539,3.153846,0.0,0.0,2.076923,1.769231,1.0,6.153846,9.56,4.333846,549.1808,0.023077,17.384615,0.238462,30.51,68.064615,7.0,10.384615,4.153846,6.384615,8.307692,6.0,41.0,0.0,0.0,27.0,23.0,13.0,80.0,124.28,56.34,7139.35,0.3,226.0,3.1,396.63,884.84,91.0,135.0,54.0,83.0,108.0,1
0.0,16.0,1.0,0.0,0.0,0.0,0.0,10.0,10.0,0.0,0.0,0.0,0.0,0.0,1.0,0.0,0.0,0.0,0.0,1.0,0.0,1.0,3.0,5.0,21.0,1.0,2.0,11.0,9.0,7.0,60.0,32.56,26.13,22222.67,0.28,154.0,1.0,1234.59,850.63,57.0,97.0,24.0,22.0,72.0,1.0,3.6,0.1,0.2,2.3,2.1,1.6,9.1,11.898,5.231,2485.017,0.043,27.1,0.31,138.055,128.181,9.6,17.5,5.3,6.4,13.7,10.0,36.0,1.0,2.0,23.0,21.0,16.0,91.0,118.98,52.31,24850.17,0.43,271.0,3.1,1380.55,1281.81,96.0,175.0,53.0,64.0,137.0,0
0.0,8.0,1.0,68.0,0.0,0.0,0.0,7.0,7.0,0.0,5.33,1.0,8.0,0.0,4.0,0.05,0.44,8.0,1.0,2.0,1.0,2.0,3.0,3.0,13.0,2.0,4.0,7.0,6.0,3.0,41.0,52.11,20.7,14339.44,0.23,132.0,1.0,796.64,692.73,46.0,86.0,27.0,18.0,50.0,1.571429,5.285714,0.285714,1.142857,3.142857,3.0,1.285714,20.428571,25.22,8.905714,4802.074,0.105714,62.857143,0.421429,266.7814,320.821429,24.285714,38.571429,12.857143,9.428571,25.714286,11.0,37.0,2.0,8.0,22.0,21.0,9.0,143.0,176.54,62.34,33614.52,0.74,440.0,2.95,1867.47,2245.75,170.0,270.0,90.0,66.0,180.0,0
0.0,9.0,1.0,0.0,0.0,0.0,0.0,10.0,10.0,0.0,4.75,1.0,4.75,0.0,3.0,0.05,0.26,4.75,1.0,2.0,1.0,2.0,2.0,3.0,11.0,1.0,3.0,6.0,5.0,5.0,39.0,46.6,21.25,11417.66,0.24,139.0,1.0,634.31,729.46,48.0,91.0,23.0,15.0,52.0,1.222222,3.666667,0.111111,0.333333,2.333333,2.222222,1.888889,11.777778,16.07,6.958889,2638.781,0.057778,37.888889,0.435556,146.5978,178.367778,14.333333,23.555556,7.444444,7.444444,17.222222,11.0,33.0,1.0,3.0,21.0,20.0,17.0,106.0,144.63,62.63,23749.03,0.52,341.0,3.92,1319.38,1605.31,129.0,212.0,67.0,67.0,155.0,0
0.0,7.0,1.0,75.0,0.0,0.0,0.0,6.0,6.0,0.0,0.0,0.0,0.0,0.0,0.0,0.0,0.0,0.0,0.0,0.0,0.0,0.0,1.0,7.0,11.0,0.0,0.0,6.0,6.0,1.0,45.0,46.32,15.83,11604.88,0.24,132.0,0.67,644.72,733.21,51.0,81.0,29.0,18.0,54.0,2.0,3.666667,0.0,0.0,2.333333,2.333333,1.0,12.0,17.17,5.916667,2230.385,0.058333,34.5,0.208333,123.9117,171.641667,13.666667,20.833333,8.666667,7.5,15.833333,12.0,22.0,0.0,0.0,14.0,14.0,6.0,72.0,103.02,35.5,13382.31,0.35,207.0,1.25,743.47,1029.85,82.0,125.0,52.0,45.0,95.0,1
0.0,5.0,3.0,0.0,0.0,0.0,2.0,60.0,5.0,0.0,0.0,0.0,0.0,0.0,0.0,0.0,0.0,0.0,0.0,0.0,0.0,0.0,1.0,1.0,5.0,0.0,1.0,3.0,3.0,1.0,21.0,24.17,17.5,7403.33,0.14,88.0,0.33,411.3,423.05,35.0,53.0,14.0,14.0,26.0,0.2,2.6,0.0,0.2,1.8,1.8,1.0,7.8,10.77,5.872,1814.772,0.042,27.4,0.1,100.82,126.078,10.6,16.8,5.6,6.8,10.4,1.0,13.0,0.0,1.0,9.0,9.0,5.0,39.0,53.85,29.36,9073.86,0.21,137.0,0.5,504.1,630.39,53.0,84.0,28.0,34.0,52.0,1
0.0,5.0,2.0,0.0,0.0,0.0,1.0,24.0,5.0,1.0,0.0,0.0,0.0,0.0,1.0,0.0,0.0,0.0,0.0,1.0,0.0,1.0,3.0,0.0,3.0,0.0,0.0,2.0,2.0,1.0,7.0,8.3,6.67,369.01,0.02,16.0,2.0,20.5,55.35,5.0,11.0,3.0,8.0,9.0,0.0,1.4,0.0,0.0,1.2,1.2,1.0,3.0,3.26,1.534,74.202,0.004,4.4,0.83,4.124,11.87,1.4,3.0,1.0,2.4,4.6,0.0,7.0,0.0,0.0,6.0,6.0,5.0,15.0,16.3,7.67,371.01,0.02,22.0,4.15,20.62,59.35,7.0,15.0,5.0,12.0,23.0,1
0.0,1.0,3.0,100.0,0.0,0.0,1.0,12.0,5.0,1.0,0.0,0.0,0.0,0.0,1.0,0.0,0.0,0.0,0.0,1.0,0.0,1.0,3.0,0.0,1.0,0.0,0.0,1.0,1.0,1.0,3.0,5.33,1.5,12.0,0.0,4.0,0.67,0.67,8.0,1.0,3.0,1.0,3.0,6.0,0.0,1.0,0.0,0.0,1.0,1.0,1.0,2.0,3.198,0.9,7.2,0.0,2.8,0.402,0.402,4.8,0.6,2.2,0.6,2.2,4.6,0.0,5.0,0.0,0.0,5.0,5.0,5.0,10.0,15.99,4.5,36.0,0.0,14.0,2.01,2.01,24.0,3.0,11.0,3.0,11.0,23.0,1
0.0,15.0,4.0,90.0,0.0,0.0,1.0,34.0,19.0,1.0,0.0,0.0,0.0,0.0,1.0,0.0,0.0,0.0,0.0,1.0,0.0,1.0,3.0,34.0,37.0,9.0,13.0,19.0,16.0,11.0,93.0,85.04,35.08,66460.03,0.63,317.0,2.0,3692.22,1894.8,122.0,195.0,46.0,23.0,150.0,13.105263,13.526316,1.578947,5.736842,7.263158,6.105263,4.578947,50.31579,43.613684,15.339474,19934.23,0.291053,151.31579,0.204211,1107.457,873.028421,58.31579,93.0,26.105263,14.210526,73.789474,249.0,257.0,30.0,109.0,138.0,116.0,87.0,956.0,828.66,291.45,378750.37,5.53,2875.0,3.88,21041.68,16587.54,1108.0,1767.0,496.0,270.0,1402.0,0
0.0,14.0,4.0,72.0,0.0,0.0,1.0,27.0,12.0,0.0,0.0,0.0,0.0,0.0,1.0,0.0,0.0,0.0,0.0,1.0,0.0,1.0,2.0,19.0,47.0,0.0,11.0,24.0,18.0,19.0,134.0,81.73,37.49,95656.09,0.85,407.0,2.0,5314.23,2551.41,162.0,245.0,59.0,28.0,155.0,7.416667,21.166667,0.0,2.166667,11.083333,8.583333,7.583333,61.0,42.7525,19.181667,32843.28,0.3775,187.833333,0.2225,1824.627,1128.075,72.5,115.333333,28.75,16.083333,72.833333,89.0,254.0,0.0,26.0,133.0,103.0,91.0,732.0,513.03,230.18,394119.38,4.53,2254.0,2.67,21895.53,13536.9,870.0,1384.0,345.0,193.0,874.0,1
95.0,14.0,2.0,84.0,0.0,0.0,1.0,33.0,20.0,0.0,0.0,0.0,0.0,0.0,1.0,0.0,0.0,0.0,0.0,1.0,0.0,1.0,1.0,13.0,17.0,1.0,8.0,9.0,8.0,4.0,70.0,80.38,17.25,18960.71,0.37,199.0,0.67,1053.37,1117.33,70.0,129.0,34.0,18.0,91.0,4.055556,6.0,0.055556,1.611111,3.333333,3.0,1.444444,25.166667,32.1,8.123889,5209.669,0.128889,74.333333,0.252778,289.4272,388.273889,26.111111,48.222222,14.166667,9.222222,32.888889,73.0,108.0,1.0,29.0,60.0,54.0,26.0,453.0,577.8,146.23,93774.04,2.32,1338.0,4.55,5209.69,6988.93,470.0,868.0,255.0,166.0,592.0,0
0.0,12.0,3.0,67.0,0.0,0.0,1.0,33.0,14.0,0.0,4.75,1.0,4.75,0.0,3.0,0.05,0.26,4.75,1.0,2.0,1.0,2.0,1.0,8.0,18.0,1.0,6.0,10.0,10.0,8.0,61.0,54.12,21.95,22309.61,0.34,182.0,1.0,1239.42,1016.46,67.0,115.0,29.0,19.0,71.0,2.142857,5.571429,0.071429,1.285714,3.357143,3.214286,2.642857,18.785714,20.618571,8.407857,4530.644,0.090714,54.857143,0.285,251.7014,273.578571,19.928571,34.928571,9.571429,8.642857,24.357143,30.0,78.0,1.0,18.0,47.0,45.0,37.0,263.0,288.66,117.71,63429.02,1.27,768.0,3.99,3523.82,3830.1,279.0,489.0,134.0,121.0,341.0,1
0.0,11.0,2.0,80.0,1.0,0.0,1.0,28.0,15.0,0.0,0.0,0.0,0.0,0.0,1.0,0.0,0.0,0.0,0.0,1.0,0.0,1.0,1.0,13.0,13.0,0.0,4.0,7.0,6.0,5.0,55.0,48.24,18.94,17312.29,0.3,156.0,1.0,961.79,913.85,62.0,94.0,36.0,22.0,72.0,2.8,4.733333,0.0,1.2,2.866667,2.8,1.866667,16.8,20.938,6.732,2923.974,0.072667,46.0,0.343333,162.4427,222.396667,16.333333,29.666667,9.333333,7.933333,22.666667,42.0,71.0,0.0,18.0,43.0,42.0,28.0,252.0,314.07,100.98,43859.61,1.09,690.0,5.15,2436.64,3335.95,245.0,445.0,140.0,119.0,340.0,0
0.0,10.0,1.0,88.0,2.0,0.0,0.0,23.0,23.0,0.0,0.0,0.0,0.0,0.0,1.0,0.0,0.0,0.0,0.0,1.0,0.0,1.0,1.0,9.0,13.0,1.0,10.0,7.0,6.0,7.0,48.0,44.1,19.44,16666.88,0.29,158.0,1.0,925.94,857.35,54.0,104.0,25.0,18.0,65.0,1.608696,2.391304,0.043478,2.0,1.695652,1.608696,1.521739,8.217391,14.908261,4.169565,1673.935,0.040435,26.608696,0.393043,92.99696,121.264348,9.478261,17.130435,5.608696,5.478261,13.695652,37.0,55.0,1.0,46.0,39.0,37.0,35.0,189.0,342.89,95.9,38500.5,0.93,612.0,9.04,2138.93,2789.08,218.0,394.0,129.0,126.0,315.0,1
0.0,13.0,4.0,86.0,0.0,0.0,1.0,27.0,11.0,0.0,0.0,0.0,0.0,0.0,1.0,0.0,0.0,0.0,0.0,1.0,0.0,1.0,2.0,19.0,27.0,1.0,14.0,14.0,11.0,11.0,94.0,78.1,26.55,55057.45,0.69,328.0,2.0,3058.75,2073.59,140.0,188.0,58.0,22.0,118.0,3.0,5.363636,0.090909,1.636364,3.181818,2.727273,2.454545,17.727273,23.786364,6.059091,6954.233,0.115455,60.363636,0.457273,386.3482,346.876364,24.909091,35.454546,12.818182,7.363636,24.727273,33.0,59.0,1.0,18.0,35.0,30.0,27.0,195.0,261.65,66.65,76496.56,1.27,664.0,5.03,4249.83,3815.64,274.0,390.0,141.0,81.0,272.0,1
67.0,13.0,3.0,100.0,3.0,0.0,1.0,25.0,19.0,0.0,5.33,1.5,12.0,0.0,4.0,0.4,0.67,8.0,1.0,3.0,1.0,3.0,2.0,0.0,1.0,0.0,0.0,1.0,1.0,1.0,0.0,12.68,2.5,79.25,0.01,10.0,0.67,4.4,31.7,4.0,6.0,4.0,5.0,7.0,0.0,1.0,0.0,0.0,1.0,1.0,1.0,0.0,7.789167,1.625,22.59667,0.000833,5.333333,0.633333,1.2575,12.983333,2.0,3.333333,2.0,3.25,3.333333,0.0,12.0,0.0,0.0,12.0,12.0,12.0,0.0,93.47,19.5,271.16,0.01,64.0,7.6,15.09,155.8,24.0,40.0,24.0,39.0,40.0,1
100.0,0.0,1.0,100.0,0.0,0.0,0.0,4.0,3.0,0.0,0.0,0.0,0.0,0.0,2.0,0.0,0.0,0.0,2.0,0.0,1.0,0.0,1.0,0.0,3.0,0.0,0.0,2.0,1.0,1.0,3.0,10.34,3.75,84.22,0.01,8.0,0.67,4.68,22.46,3.0,5.0,3.0,5.0,5.0,0.0,1.666667,0.0,0.0,1.333333,1.0,1.0,2.0,5.443333,1.75,35.82667,0.006667,5.333333,0.313333,1.99,12.656667,2.666667,2.666667,2.0,2.666667,3.333333,0.0,5.0,0.0,0.0,4.0,3.0,3.0,6.0,16.33,5.25,107.48,0.02,16.0,0.94,5.97,37.97,8.0,8.0,6.0,8.0,10.0,1
0.0,5.0,1.0,86.0,0.0,0.0,0.0,24.0,24.0,0.0,4.75,1.0,4.75,0.0,3.0,0.05,0.26,4.75,1.0,2.0,1.0,2.0,1.0,7.0,13.0,12.0,17.0,7.0,6.0,7.0,56.0,101.6,19.98,18860.9,0.35,187.0,1.0,1047.82,1060.74,75.0,112.0,35.0,20.0,85.0,2.25,4.75,1.916667,3.083333,2.875,2.458333,2.083333,17.916667,28.918333,8.45,4576.792,0.10375,61.166667,0.28625,254.2658,314.005,23.375,37.791667,13.583333,9.958333,27.208333,54.0,114.0,46.0,74.0,69.0,59.0,50.0,430.0,694.04,202.8,109843.01,2.49,1468.0,6.87,6102.38,7536.12,561.0,907.0,326.0,239.0,653.0,1
0.0,10.0,2.0,75.0,0.0,0.0,1.0,20.0,16.0,0.0,4.75,1.0,4.75,0.0,3.0,0.05,0.26,4.75,1.0,2.0,1.0,2.0,2.0,6.0,19.0,1.0,6.0,10.0,10.0,5.0,57.0,49.46,18.78,14289.29,0.27,168.0,1.0,793.85,816.14,54.0,114.0,23.0,18.0,78.0,1.25,4.333333,0.083333,1.0,2.666667,2.666667,1.333333,13.25,17.8975,6.263333,2561.142,0.059167,38.75,0.345,142.285,176.544167,13.0,25.75,6.583333,6.916667,18.333333,15.0,52.0,1.0,12.0,32.0,32.0,16.0,159.0,214.77,75.16,30733.7,0.71,465.0,4.14,1707.42,2118.53,156.0,309.0,79.0,83.0,220.0,1
0.0,10.0,1.0,88.0,0.0,0.0,0.0,25.0,25.0,1.0,0.0,0.0,0.0,0.0,1.0,0.0,0.0,0.0,0.0,1.0,0.0,1.0,3.0,2.0,5.0,0.0,1.0,2.0,2.0,1.0,24.0,35.65,8.57,2618.82,0.1,65.0,2.0,145.49,305.53,20.0,45.0,14.0,12.0,28.0,0.375,1.833333,0.0,0.083333,1.333333,1.333333,1.0,7.791667,17.8375,4.974167,850.6883,0.039167,28.041667,0.249583,47.26042,118.215,9.708333,18.333333,6.791667,7.291667,11.0,9.0,44.0,0.0,2.0,32.0,32.0,24.0,187.0,428.1,119.38,20416.52,0.94,673.0,5.99,1134.25,2837.16,233.0,440.0,163.0,175.0,264.0,1
83.0,12.0,2.0,77.0,0.0,0.0,1.0,13.0,9.0,4.0,10.8,2.5,67.5,0.01,9.0,0.07,3.75,27.0,3.0,6.0,3.0,5.0,7.0,9.0,9.0,0.0,3.0,5.0,5.0,1.0,58.0,60.41,15.29,11840.44,0.28,154.0,0.4,657.8,845.75,56.0,98.0,30.0,15.0,75.0,2.666667,4.666667,0.0,1.166667,2.833333,2.833333,1.0,24.333333,27.711667,8.131667,4205.043,0.106667,62.166667,0.181667,233.6117,317.066667,23.0,39.166667,13.0,10.0,32.333333,16.0,28.0,0.0,7.0,17.0,17.0,6.0,146.0,166.27,48.79,25230.26,0.64,373.0,1.09,1401.67,1902.4,138.0,235.0,78.0,60.0,194.0,1
0.0,4.0,1.0,0.0,0.0,0.0,0.0,6.0,6.0,0.0,0.0,0.0,0.0,0.0,1.0,0.0,0.0,0.0,0.0,1.0,0.0,1.0,1.0,7.0,7.0,0.0,3.0,4.0,3.0,3.0,37.0,57.62,16.14,14440.71,0.3,152.0,0.5,802.26,894.16,68.0,84.0,40.0,19.0,55.0,3.166667,4.0,0.0,1.0,2.5,2.0,2.0,18.5,29.336667,7.72,6147.613,0.14,72.833333,0.116667,341.5333,416.67,31.833333,41.0,19.166667,9.833333,27.0,19.0,24.0,0.0,6.0,15.0,12.0,12.0,111.0,176.02,46.32,36885.68,0.84,437.0,0.7,2049.2,2500.02,191.0,246.0,115.0,59.0,162.0,0
0.0,2.0,1.0,0.0,2.0,0.0,0.0,9.0,9.0,0.0,0.0,0.0,0.0,0.0,1.0,0.0,0.0,0.0,0.0,1.0,0.0,1.0,2.0,0.0,1.0,0.0,4.0,1.0,1.0,1.0,6.0,15.22,3.75,213.97,0.02,18.0,1.0,11.89,57.06,6.0,12.0,4.0,5.0,19.0,0.0,1.0,0.0,1.888889,1.0,1.0,1.0,3.555556,9.575556,2.361111,120.7333,0.011111,11.0,0.335556,6.708889,33.116667,3.555556,7.444444,2.444444,3.555556,8.555556,0.0,9.0,0.0,17.0,9.0,9.0,9.0,32.0,86.18,21.25,1086.6,0.1,99.0,3.02,60.38,298.05,32.0,67.0,22.0,32.0,77.0,1
0.0,0.0,1.0,100.0,0.0,0.0,0.0,0.0,0.0,0.0,5.33,1.5,12.0,0.0,4.0,0.67,0.67,8.0,1.0,3.0,1.0,3.0,1.0,0.0,1.0,0.0,0.0,1.0,1.0,1.0,0.0,7.74,1.5,17.41,0.0,5.0,0.67,0.97,11.61,2.0,3.0,2.0,3.0,1.0,0.0,1.0,0.0,0.0,1.0,1.0,1.0,0.0,6.133333,1.5,13.80333,0.0,4.333333,0.67,0.77,9.203333,1.333333,3.0,1.333333,3.0,1.0,0.0,3.0,0.0,0.0,3.0,3.0,3.0,0.0,18.4,4.5,41.41,0.0,13.0,2.01,2.31,27.61,4.0,9.0,4.0,9.0,3.0,1
0.0,0.0,1.0,100.0,0.0,0.0,0.0,0.0,0.0,0.0,5.33,1.5,12.0,0.0,4.0,0.5,0.67,8.0,1.0,3.0,1.0,3.0,2.0,0.0,1.0,0.0,0.0,1.0,1.0,1.0,0.0,5.8,2.0,23.22,0.0,5.0,0.67,1.29,11.61,1.0,4.0,1.0,4.0,2.0,0.0,1.0,0.0,0.0,1.0,1.0,1.0,0.0,5.424,1.6,14.244,0.0,4.2,0.636,0.794,8.722,1.0,3.2,1.0,3.2,2.0,0.0,5.0,0.0,0.0,5.0,5.0,5.0,0.0,27.12,8.0,71.22,0.0,21.0,3.18,3.97,43.61,5.0,16.0,5.0,16.0,10.0,1
19.0,10.0,2.0,96.0,0.0,0.0,1.0,84.0,50.0,0.0,4.21,1.5,12.0,0.0,4.0,0.05,0.67,8.0,1.0,3.0,1.0,3.0,2.0,5.0,11.0,0.0,3.0,6.0,5.0,3.0,32.0,55.71,21.37,13473.84,0.21,125.0,0.67,748.55,630.55,58.0,75.0,26.0,20.0,35.0,0.454546,2.145455,0.0,0.127273,1.581818,1.236364,1.145455,4.509091,13.364727,4.210727,872.0176,0.026364,19.818182,0.378545,48.446,83.520364,7.654546,12.163636,5.090909,6.290909,7.309091,25.0,118.0,0.0,7.0,87.0,68.0,63.0,248.0,735.06,231.59,47960.97,1.45,1090.0,20.82,2664.53,4593.62,421.0,669.0,280.0,346.0,402.0,0
0.0,15.0,1.0,78.0,0.0,0.0,0.0,11.0,11.0,0.0,0.0,0.0,0.0,0.0,3.0,0.0,0.0,4.75,0.0,2.0,0.0,2.0,2.0,5.0,36.0,1.0,2.0,14.0,12.0,6.0,56.0,71.91,41.88,126141.8,1.0,445.0,1.0,7007.88,3011.84,163.0,282.0,72.0,37.0,70.0,1.272727,8.545455,0.090909,0.272727,4.090909,3.454545,1.727273,14.818182,20.676364,9.96,17873.44,0.17,84.090909,0.405455,992.97,513.416364,30.818182,53.272727,14.181818,10.181818,20.636364,14.0,94.0,1.0,3.0,45.0,38.0,19.0,163.0,227.44,109.56,196607.85,1.87,925.0,4.46,10922.67,5647.58,339.0,586.0,156.0,112.0,227.0,0
0.0,14.0,1.0,73.0,0.0,0.0,0.0,8.0,8.0,0.0,5.33,1.0,8.0,0.0,4.0,0.03,0.44,8.0,1.0,2.0,1.0,2.0,3.0,24.0,34.0,2.0,3.0,18.0,16.0,4.0,120.0,103.45,38.54,107551.84,0.93,439.0,1.0,5975.1,2790.97,166.0,273.0,56.0,26.0,151.0,4.5,5.125,0.25,0.625,3.125,2.875,1.375,22.25,31.49125,6.85,14039.51,0.15,76.625,0.5475,779.9725,451.97375,30.375,46.25,14.0,6.5,29.875,36.0,41.0,2.0,5.0,25.0,23.0,11.0,178.0,251.93,54.8,112316.06,1.2,613.0,4.38,6239.78,3615.79,243.0,370.0,112.0,52.0,239.0,1
11.0,1.0,3.0,100.0,1.0,0.0,1.0,38.0,32.0,0.0,3.62,1.0,8.0,0.0,4.0,0.14,0.44,8.0,1.0,2.0,1.0,2.0,2.0,0.0,5.0,0.0,0.0,3.0,2.0,1.0,1.0,14.4,7.0,344.16,0.02,16.0,1.0,19.12,57.36,4.0,12.0,4.0,9.0,6.0,0.0,1.888889,0.0,0.0,1.444444,1.277778,1.0,0.333333,7.822778,3.055556,90.43111,0.006667,7.722222,0.474444,5.023889,22.596111,2.388889,5.333333,2.111111,4.722222,2.944444,0.0,34.0,0.0,0.0,26.0,23.0,18.0,6.0,140.81,55.0,1627.76,0.12,139.0,8.54,90.43,406.73,43.0,96.0,38.0,85.0,53.0,1
0.0,14.0,4.0,0.0,0.0,0.0,1.0,41.0,10.0,0.0,0.0,0.0,0.0,0.0,1.0,0.0,0.0,0.0,0.0,1.0,0.0,1.0,3.0,7.0,9.0,0.0,11.0,5.0,5.0,4.0,34.0,33.08,14.7,5682.93,0.14,88.0,1.0,315.72,423.05,31.0,57.0,16.0,14.0,45.0,1.6,3.4,0.0,1.7,2.2,2.2,1.3,11.7,16.46,6.893,1954.004,0.054,36.7,0.3,108.557,164.812,12.8,23.9,7.0,7.8,17.9,16.0,34.0,0.0,17.0,22.0,22.0,13.0,117.0,164.6,68.93,19540.04,0.54,367.0,3.0,1085.57,1648.12,128.0,239.0,70.0,78.0,179.0,0
100.0,0.0,1.0,100.0,1.0,0.0,0.0,35.0,35.0,0.0,4.75,1.0,4.75,0.0,3.0,0.22,0.26,4.75,1.0,2.0,1.0,2.0,1.0,0.0,5.0,0.0,0.0,3.0,2.0,3.0,1.0,11.85,4.5,239.86,0.02,14.0,1.0,13.33,53.3,5.0,9.0,5.0,9.0,4.0,0.0,1.2,0.0,0.0,1.1,1.05,1.1,0.1,6.7855,1.65,26.6505,0.0015,5.05,0.6555,1.483,12.129,1.7,3.35,1.65,3.25,2.15,0.0,24.0,0.0,0.0,22.0,21.0,22.0,2.0,135.71,33.0,533.01,0.03,101.0,13.11,29.66,242.58,34.0,67.0,33.0,65.0,43.0,1
0.0,15.0,7.0,78.0,0.0,0.0,2.0,119.0,7.0,1.0,0.0,0.0,0.0,0.0,1.0,0.0,0.0,0.0,0.0,1.0,0.0,1.0,4.0,23.0,25.0,0.0,22.0,13.0,12.0,11.0,112.0,53.73,43.27,95460.74,0.74,365.0,0.15,5303.37,2206.2,125.0,240.0,39.0,27.0,165.0,7.25,9.5,0.0,6.5,5.25,4.25,3.5,40.5,28.51,16.0675,26699.18,0.255,131.25,0.06,1483.287,758.705,47.0,84.25,17.75,12.75,58.0,29.0,38.0,0.0,26.0,21.0,17.0,14.0,162.0,114.04,64.27,106796.72,1.02,525.0,0.24,5933.15,3034.82,188.0,337.0,71.0,51.0,232.0,0
0.0,15.0,1.0,82.0,0.0,0.0,0.0,7.0,7.0,0.0,5.33,1.5,12.0,0.0,4.0,0.03,0.67,8.0,1.0,2.0,1.0,2.0,2.0,13.0,27.0,0.0,23.0,14.0,13.0,12.0,81.0,41.82,31.2,40708.58,0.43,220.0,0.67,2261.59,1304.76,84.0,136.0,35.0,26.0,119.0,2.285714,5.0,0.0,3.571429,3.0,2.857143,2.571429,14.857143,15.515714,6.27,5952.183,0.07,40.285714,0.51,330.6771,217.92,15.714286,24.571429,8.142857,6.857143,23.0,16.0,35.0,0.0,25.0,21.0,20.0,18.0,104.0,108.61,43.89,41665.28,0.49,282.0,3.57,2314.74,1525.44,110.0,172.0,57.0,48.0,161.0,0
0.0,9.0,1.0,83.0,0.0,0.0,0.0,15.0,15.0,0.0,0.0,0.0,0.0,0.0,3.0,0.0,0.0,4.75,0.0,2.0,0.0,2.0,2.0,3.0,5.0,1.0,2.0,3.0,3.0,1.0,29.0,44.93,10.05,4534.29,0.15,88.0,1.0,251.9,451.38,34.0,54.0,22.0,13.0,40.0,0.466667,1.8,0.066667,0.133333,1.4,1.4,1.0,5.866667,12.09,4.053333,643.3547,0.025333,18.933333,0.407333,35.742,79.564667,7.133333,11.8,4.933333,6.0,10.533333,7.0,27.0,1.0,2.0,21.0,21.0,15.0,88.0,181.35,60.8,9650.32,0.38,284.0,6.11,536.13,1193.47,107.0,177.0,74.0,90.0,158.0,0
100.0,3.0,1.0,100.0,1.0,0.0,0.0,32.0,32.0,0.0,4.75,1.0,4.75,0.0,3.0,0.5,0.26,4.75,1.0,2.0,1.0,2.0,2.0,0.0,1.0,0.0,0.0,1.0,1.0,1.0,0.0,11.23,2.0,44.92,0.01,8.0,1.0,2.5,22.46,3.0,5.0,3.0,4.0,4.0,0.0,1.0,0.0,0.0,1.0,1.0,1.0,0.0,5.887222,1.5,14.24778,0.000556,4.277778,0.687778,0.793889,9.043889,1.222222,3.055556,1.222222,3.0,2.444444,0.0,18.0,0.0,0.0,18.0,18.0,18.0,0.0,105.97,27.0,256.46,0.01,77.0,12.38,14.29,162.79,22.0,55.0,22.0,54.0,44.0,1
0.0,8.0,2.0,72.0,0.0,0.0,1.0,36.0,11.0,0.0,5.33,1.0,8.0,0.0,4.0,0.14,0.44,8.0,1.0,2.0,1.0,2.0,2.0,5.0,5.0,0.0,5.0,3.0,3.0,1.0,13.0,34.29,7.2,852.58,0.05,37.0,1.0,47.37,154.29,18.0,23.0,12.0,8.0,27.0,1.454546,1.545455,0.0,0.818182,1.272727,1.272727,1.0,5.909091,16.736364,3.302727,269.3245,0.02,17.181818,0.402727,14.96182,61.701818,6.0,11.181818,4.727273,5.272727,11.181818,16.0,17.0,0.0,9.0,14.0,14.0,11.0,65.0,184.1,36.33,2962.57,0.22,189.0,4.43,164.58,678.72,66.0,123.0,52.0,58.0,123.0,0
0.0,8.0,2.0,22.0,0.0,0.0,1.0,11.0,11.0,2.0,5.8,2.0,23.22,0.0,5.0,0.11,1.29,11.61,1.0,4.0,1.0,4.0,4.0,0.0,3.0,1.0,1.0,2.0,2.0,1.0,13.0,20.46,9.5,1736.95,0.06,41.0,0.5,96.5,182.84,19.0,25.0,11.0,11.0,15.0,0.0,1.545455,0.090909,0.090909,1.272727,1.272727,1.0,5.636364,12.011818,4.825455,454.2118,0.021818,17.454546,0.271818,25.23364,66.471818,6.545455,10.909091,4.636364,7.090909,7.727273,0.0,17.0,1.0,1.0,14.0,14.0,11.0,62.0,132.13,53.08,4996.33,0.24,192.0,2.99,277.57,731.19,72.0,120.0,51.0,78.0,85.0,1
0.0,4.0,1.0,50.0,0.0,0.0,0.0,11.0,6.0,0.0,0.0,0.0,0.0,0.0,0.0,0.0,0.0,0.0,0.0,0.0,0.0,0.0,1.0,4.0,3.0,0.0,1.0,2.0,1.0,1.0,7.0,11.72,7.0,574.31,0.03,21.0,0.5,31.91,82.04,7.0,14.0,5.0,10.0,13.0,1.0,1.333333,0.0,0.166667,1.166667,1.0,1.0,2.0,4.505,2.0,113.8533,0.006667,6.166667,0.161667,6.325,20.363333,1.833333,4.333333,1.5,3.666667,4.833333,6.0,8.0,0.0,1.0,7.0,6.0,6.0,12.0,27.03,12.0,683.12,0.04,37.0,0.97,37.95,122.18,11.0,26.0,9.0,22.0,29.0,1
0.0,0.0,1.0,100.0,0.0,0.0,0.0,7.0,7.0,1.0,5.33,1.0,12.0,0.0,4.0,0.67,0.67,8.0,1.0,3.0,1.0,2.0,2.0,0.0,1.0,0.0,0.0,1.0,1.0,1.0,7.0,91.38,1.5,91.38,0.03,24.0,1.0,5.08,91.38,12.0,12.0,12.0,3.0,14.0,0.0,1.0,0.0,0.0,1.0,1.0,1.0,1.857143,17.622857,1.428571,23.34,0.004286,6.857143,0.717143,1.3,19.911429,2.571429,4.285714,2.571429,2.857143,3.714286,0.0,7.0,0.0,0.0,7.0,7.0,7.0,13.0,123.36,10.0,163.38,0.03,48.0,5.02,9.1,139.38,18.0,30.0,18.0,20.0,26.0,1
83.0,3.0,2.0,100.0,0.0,0.0,1.0,38.0,11.0,0.0,5.33,1.5,12.0,0.0,4.0,0.67,0.67,8.0,1.0,3.0,1.0,3.0,2.0,0.0,1.0,0.0,0.0,1.0,1.0,1.0,0.0,7.74,1.5,17.41,0.0,5.0,0.67,0.97,11.61,2.0,3.0,2.0,3.0,4.0,0.0,1.0,0.0,0.0,1.0,1.0,1.0,0.0,7.258,1.5,16.328,0.0,4.8,0.67,0.91,10.888,1.8,3.0,1.8,3.0,2.4,0.0,5.0,0.0,0.0,5.0,5.0,5.0,0.0,36.29,7.5,81.64,0.0,24.0,3.35,4.55,54.44,9.0,15.0,9.0,15.0,12.0,1
0.0,0.0,1.0,100.0,0.0,0.0,0.0,10.0,10.0,0.0,4.75,1.0,4.75,0.0,3.0,0.67,0.26,4.75,1.0,2.0,1.0,2.0,1.0,0.0,1.0,0.0,0.0,1.0,1.0,1.0,0.0,16.84,1.5,37.9,0.01,9.0,1.0,2.11,25.27,4.0,5.0,4.0,3.0,4.0,0.0,1.0,0.0,0.0,1.0,1.0,1.0,0.0,7.4,1.3,14.28,0.002,4.6,0.802,0.794,10.154,1.6,3.0,1.6,2.6,2.4,0.0,5.0,0.0,0.0,5.0,5.0,5.0,0.0,37.0,6.5,71.4,0.01,23.0,4.01,3.97,50.77,8.0,15.0,8.0,13.0,12.0,1
100.0,1.0,1.0,70.0,0.0,0.0,0.0,5.0,5.0,0.0,0.0,0.0,0.0,0.0,0.0,0.0,0.0,0.0,0.0,0.0,0.0,0.0,1.0,0.0,1.0,0.0,0.0,1.0,1.0,1.0,0.0,20.68,3.0,72.0,0.01,8.0,1.0,4.0,24.0,4.0,6.0,4.0,6.0,2.0,0.0,1.0,0.0,0.0,1.0,1.0,1.0,0.0,5.736,0.8,18.536,0.004,3.6,0.266,1.03,8.936,1.2,2.4,1.2,2.0,1.4,0.0,5.0,0.0,0.0,5.0,5.0,5.0,0.0,28.68,4.0,92.68,0.02,18.0,1.33,5.15,44.68,6.0,12.0,6.0,10.0,7.0,1
50.0,1.0,2.0,100.0,0.0,0.0,1.0,30.0,20.0,0.0,6.2,1.5,17.41,0.0,5.0,0.4,0.97,11.61,1.0,3.0,1.0,3.0,2.0,0.0,1.0,0.0,0.0,1.0,1.0,1.0,0.0,7.74,2.5,38.77,0.01,6.0,0.67,2.15,15.51,2.0,5.0,2.0,5.0,2.0,0.0,1.0,0.0,0.0,1.0,1.0,1.0,0.0,7.226667,1.833333,24.53,0.003333,5.333333,0.58,1.363333,12.91,1.666667,3.666667,1.666667,3.666667,2.0,0.0,3.0,0.0,0.0,3.0,3.0,3.0,0.0,21.68,5.5,73.59,0.01,16.0,1.74,4.09,38.73,5.0,11.0,5.0,11.0,6.0,1
0.0,0.0,1.0,0.0,0.0,0.0,0.0,10.0,10.0,0.0,4.75,1.0,4.75,0.0,3.0,0.5,0.26,4.75,1.0,2.0,1.0,2.0,4.0,0.0,1.0,0.0,0.0,1.0,1.0,1.0,0.0,7.75,2.0,31.02,0.01,6.0,1.0,1.72,15.51,2.0,4.0,2.0,4.0,4.0,0.0,1.0,0.0,0.0,1.0,1.0,1.0,0.0,5.943333,1.5,15.92333,0.003333,4.333333,0.723333,0.883333,9.42,1.333333,3.0,1.333333,3.0,4.0,0.0,3.0,0.0,0.0,3.0,3.0,3.0,0.0,17.83,4.5,47.77,0.01,13.0,2.17,2.65,28.26,4.0,9.0,4.0,9.0,12.0,1
0.0,0.0,1.0,0.0,0.0,0.0,0.0,10.0,10.0,0.0,4.75,1.0,4.75,0.0,3.0,0.67,0.26,4.75,1.0,2.0,1.0,2.0,2.0,0.0,1.0,0.0,0.0,1.0,1.0,1.0,0.0,5.33,1.5,12.0,0.0,4.0,1.0,0.67,8.0,1.0,3.0,1.0,3.0,4.0,0.0,1.0,0.0,0.0,1.0,1.0,1.0,0.0,4.943333,1.166667,7.166667,0.0,3.333333,0.89,0.396667,5.833333,1.0,2.333333,1.0,2.333333,3.333333,0.0,3.0,0.0,0.0,3.0,3.0,3.0,0.0,14.83,3.5,21.5,0.0,10.0,2.67,1.19,17.5,3.0,7.0,3.0,7.0,10.0,1
0.0,0.0,1.0,100.0,1.0,0.0,0.0,28.0,28.0,0.0,5.33,1.5,12.0,0.0,4.0,0.67,0.67,8.0,1.0,3.0,1.0,3.0,1.0,0.0,1.0,0.0,0.0,1.0,1.0,1.0,0.0,5.33,1.5,12.0,0.0,4.0,0.67,0.67,8.0,1.0,3.0,1.0,3.0,1.0,0.0,1.0,0.0,0.0,1.0,1.0,1.0,0.0,5.33,1.5,12.0,0.0,4.0,0.67,0.67,8.0,1.0,3.0,1.0,3.0,1.0,0.0,1.0,0.0,0.0,1.0,1.0,1.0,0.0,5.33,1.5,12.0,0.0,4.0,0.67,0.67,8.0,1.0,3.0,1.0,3.0,1.0,1
0.0,1.0,2.0,0.0,0.0,0.0,1.0,2.0,2.0,0.0,0.0,0.0,0.0,0.0,1.0,0.0,0.0,0.0,1.0,0.0,1.0,0.0,2.0,0.0,1.0,0.0,0.0,1.0,1.0,1.0,1.0,6.2,2.5,38.77,0.01,6.0,0.4,2.15,15.51,1.0,5.0,1.0,5.0,3.0,0.0,1.0,0.0,0.0,1.0,1.0,1.0,0.5,3.1,1.25,19.385,0.005,3.5,0.2,1.075,7.755,1.0,2.5,1.0,2.5,2.5,0.0,2.0,0.0,0.0,2.0,2.0,2.0,1.0,6.2,2.5,38.77,0.01,7.0,0.4,2.15,15.51,2.0,5.0,2.0,5.0,5.0,1
17.0,1.0,4.0,100.0,0.0,0.0,1.0,198.0,24.0,0.0,5.33,1.5,12.0,0.0,4.0,0.67,0.67,8.0,1.0,3.0,1.0,3.0,1.0,0.0,1.0,0.0,0.0,1.0,1.0,1.0,0.0,5.33,1.5,12.0,0.0,4.0,0.67,0.67,8.0,1.0,3.0,1.0,3.0,1.0,0.0,1.0,0.0,0.0,1.0,1.0,1.0,0.0,5.33,1.5,12.0,0.0,4.0,0.67,0.67,8.0,1.0,3.0,1.0,3.0,1.0,0.0,1.0,0.0,0.0,1.0,1.0,1.0,0.0,5.33,1.5,12.0,0.0,4.0,0.67,0.67,8.0,1.0,3.0,1.0,3.0,1.0,1
0.0,0.0,3.0,0.0,0.0,0.0,2.0,60.0,5.0,0.0,0.0,0.0,0.0,0.0,0.0,0.0,0.0,0.0,0.0,0.0,0.0,0.0,1.0,0.0,1.0,0.0,0.0,1.0,1.0,1.0,0.0,0.0,0.0,0.0,0.0,0.0,0.0,0.0,0.0,0.0,0.0,0.0,0.0,1.0,0.0,1.0,0.0,0.0,1.0,1.0,1.0,0.0,0.0,0.0,0.0,0.0,0.0,0.0,0.0,0.0,0.0,0.0,0.0,0.0,1.0,0.0,1.0,0.0,0.0,1.0,1.0,1.0,0.0,0.0,0.0,0.0,0.0,0.0,0.0,0.0,0.0,0.0,0.0,0.0,0.0,1.0,1
0.0,0.0,1.0,98.0,0.0,0.0,0.0,37.0,34.0,0.0,5.33,1.5,12.0,0.0,4.0,0.67,0.67,8.0,1.0,3.0,1.0,3.0,1.0,0.0,1.0,0.0,0.0,1.0,1.0,1.0,0.0,5.33,1.5,12.0,0.0,4.0,0.67,0.67,8.0,1.0,3.0,1.0,3.0,1.0,0.0,1.0,0.0,0.0,1.0,1.0,1.0,0.0,5.33,1.5,12.0,0.0,4.0,0.67,0.67,8.0,1.0,3.0,1.0,3.0,1.0,0.0,1.0,0.0,0.0,1.0,1.0,1.0,0.0,5.33,1.5,12.0,0.0,4.0,0.67,0.67,8.0,1.0,3.0,1.0,3.0,1.0,1
0.0,0.0,1.0,100.0,0.0,0.0,0.0,7.0,7.0,0.0,0.0,0.0,0.0,0.0,0.0,0.0,0.0,0.0,0.0,0.0,0.0,0.0,1.0,0.0,1.0,0.0,0.0,1.0,1.0,1.0,0.0,0.0,0.0,0.0,0.0,0.0,0.0,0.0,0.0,0.0,0.0,0.0,0.0,1.0,0.0,1.0,0.0,0.0,1.0,1.0,1.0,0.0,0.0,0.0,0.0,0.0,0.0,0.0,0.0,0.0,0.0,0.0,0.0,0.0,1.0,0.0,1.0,0.0,0.0,1.0,1.0,1.0,0.0,0.0,0.0,0.0,0.0,0.0,0.0,0.0,0.0,0.0,0.0,0.0,0.0,1.0,1
