V1,V2,V3,V4,V5,V6,V7,V8,V9,V10,V11,V12,V13,V14,V15,V16,V17,V18,V19,V20,V21,V22,V23,V24,V25,V26,V27,V28,V29,V30,V31,V32,V33,V34,V35,V36,V37,V38,V39,V40,V41,V42,V43,V44,V45,V46,V47,V48,V49,V50,V51,V52,V53,V54,V55,V56,V57,V58,V59,V60,V61,V62,V63,V64,V65,V66,V67,V68,V69,V70,V71,V72,V73,V74,V75,V76,V77,V78,V79,V80,V81,V82,V83,V84,V85,V86,V87,V88,V89,V90,class
-2.0,2.0,20.0,5.0,-6.0,-1.0,-2.0,1.0,20.0,5.0,-6.0,0.0,-2.0,1.0,23.0,5.0,-6.0,0.0,-2.0,2.0,20.0,5.0,-6.0,-1.0,-3.0,1.0,22.0,5.0,-6.0,-1.0,-2.0,2.0,20.0,5.0,-6.0,-1.0,-2.0,2.0,20.0,5.0,-6.0,-1.0,-3.0,3.0,20.0,5.0,-6.0,-1.0,-2.0,1.0,13.0,7.0,-3.0,-1.0,-3.0,1.0,4.0,3.0,-7.0,0.0,-1.0,0.0,13.0,4.0,-5.0,-1.0,-4.0,3.0,15.0,2.0,-11.0,-1.0,-1.0,2.0,29.0,7.0,-6.0,-1.0,1.0,-1.0,23.0,9.0,2.0,0.0,-2.0,2.0,29.0,3.0,-6.0,0.0,0
-3.0,2.0,22.0,5.0,-8.0,0.0,-2.0,2.0,19.0,5.0,-7.0,0.0,-3.0,2.0,23.0,5.0,-7.0,0.0,-2.0,2.0,22.0,5.0,-6.0,-1.0,-2.0,2.0,20.0,5.0,-6.0,-1.0,-2.0,2.0,23.0,5.0,-7.0,-1.0,-2.0,2.0,20.0,5.0,-7.0,-1.0,-2.0,2.0,22.0,4.0,-7.0,-1.0,0.0,1.0,23.0,8.0,-4.0,0.0,3.0,0.0,28.0,6.0,1.0,-1.0,0.0,2.0,18.0,7.0,-5.0,-1.0,-2.0,3.0,20.0,2.0,-7.0,0.0,-4.0,3.0,22.0,4.0,-11.0,-1.0,-2.0,2.0,6.0,5.0,-8.0,-1.0,-3.0,3.0,24.0,4.0,-8.0,-1.0,0
-2.0,2.0,20.0,5.0,-6.0,-1.0,-2.0,2.0,19.0,5.0,-7.0,0.0,-2.0,2.0,20.0,5.0,-6.0,-1.0,-2.0,2.0,20.0,5.0,-6.0,-1.0,-2.0,2.0,22.0,4.0,-7.0,-1.0,-2.0,2.0,22.0,4.0,-7.0,-1.0,-2.0,2.0,22.0,5.0,-6.0,-1.0,-2.0,2.0,22.0,5.0,-5.0,-1.0,-2.0,2.0,24.0,2.0,-6.0,0.0,0.0,0.0,22.0,4.0,-3.0,-1.0,-2.0,1.0,31.0,2.0,-6.0,-1.0,-3.0,2.0,23.0,4.0,-8.0,-2.0,-2.0,1.0,29.0,7.0,-5.0,-2.0,-2.0,2.0,41.0,4.0,-5.0,-2.0,-3.0,1.0,3.0,5.0,-6.0,0.0,0
-2.0,2.0,20.0,5.0,-6.0,-1.0,-3.0,1.0,18.0,4.0,-6.0,0.0,-2.0,2.0,20.0,5.0,-6.0,-1.0,-2.0,2.0,20.0,5.0,-6.0,-1.0,-2.0,1.0,20.0,5.0,-6.0,0.0,-3.0,1.0,20.0,5.0,-6.0,-1.0,-2.0,2.0,20.0,3.0,-6.0,-1.0,-2.0,2.0,20.0,5.0,-6.0,-1.0,-3.0,1.0,9.0,7.0,-8.0,0.0,-4.0,2.0,11.0,3.0,-7.0,-1.0,-6.0,3.0,23.0,-2.0,-11.0,0.0,-3.0,0.0,18.0,7.0,-10.0,0.0,-4.0,0.0,17.0,4.0,-9.0,-1.0,-4.0,0.0,32.0,4.0,-10.0,-1.0,-2.0,1.0,30.0,5.0,-5.0,-1.0,0
-2.0,2.0,20.0,4.0,-7.0,-1.0,-2.0,1.0,19.0,5.0,-7.0,0.0,-2.0,1.0,22.0,5.0,-6.0,0.0,-2.0,1.0,20.0,5.0,-6.0,0.0,-2.0,2.0,22.0,4.0,-7.0,-1.0,-2.0,2.0,20.0,5.0,-6.0,-1.0,-2.0,2.0,20.0,5.0,-7.0,-1.0,-2.0,1.0,19.0,5.0,-7.0,0.0,0.0,0.0,16.0,4.0,-1.0,0.0,-3.0,2.0,20.0,3.0,-6.0,0.0,-1.0,0.0,25.0,4.0,-6.0,-1.0,-2.0,1.0,28.0,5.0,-4.0,0.0,-2.0,4.0,12.0,-1.0,-8.0,-1.0,-3.0,0.0,4.0,6.0,-8.0,0.0,-5.0,4.0,38.0,-1.0,-16.0,-1.0,0
-2.0,1.0,19.0,4.0,-6.0,0.0,-2.0,1.0,19.0,4.0,-6.0,0.0,-2.0,2.0,20.0,4.0,-5.0,-1.0,-2.0,2.0,20.0,4.0,-5.0,-1.0,-2.0,1.0,20.0,3.0,-6.0,0.0,-2.0,1.0,21.0,4.0,-5.0,0.0,-2.0,1.0,19.0,4.0,-6.0,0.0,-2.0,2.0,19.0,4.0,-6.0,-1.0,-4.0,3.0,19.0,0.0,-10.0,0.0,-2.0,1.0,6.0,3.0,-6.0,0.0,-2.0,1.0,18.0,5.0,-4.0,-1.0,-2.0,0.0,20.0,4.0,-3.0,-2.0,-3.0,3.0,32.0,2.0,-6.0,-1.0,-2.0,1.0,14.0,3.0,-4.0,0.0,0.0,0.0,23.0,6.0,-3.0,-1.0,0
-1.0,1.0,19.0,4.0,-6.0,0.0,-2.0,2.0,18.0,4.0,-6.0,0.0,-2.0,1.0,19.0,4.0,-6.0,0.0,-2.0,1.0,19.0,4.0,-6.0,0.0,-2.0,1.0,19.0,4.0,-6.0,0.0,-2.0,1.0,19.0,4.0,-6.0,0.0,-2.0,1.0,21.0,5.0,-6.0,0.0,-1.0,2.0,21.0,3.0,-6.0,1.0,0.0,1.0,14.0,1.0,-3.0,0.0,-6.0,5.0,11.0,-4.0,-12.0,0.0,-4.0,1.0,4.0,5.0,-6.0,0.0,0.0,0.0,2.0,8.0,-5.0,0.0,0.0,1.0,36.0,3.0,-1.0,-1.0,0.0,1.0,14.0,5.0,-3.0,1.0,1.0,0.0,24.0,11.0,-2.0,0.0,0
-2.0,1.0,19.0,4.0,-6.0,0.0,-2.0,1.0,18.0,3.0,-5.0,0.0,-2.0,1.0,19.0,3.0,-5.0,0.0,-2.0,1.0,19.0,3.0,-5.0,0.0,-2.0,1.0,23.0,3.0,-5.0,0.0,-2.0,1.0,21.0,4.0,-5.0,0.0,-2.0,1.0,19.0,4.0,-6.0,0.0,-1.0,2.0,21.0,4.0,-5.0,1.0,-3.0,2.0,3.0,-2.0,-8.0,2.0,0.0,0.0,24.0,6.0,-4.0,0.0,-2.0,1.0,16.0,4.0,-3.0,0.0,-5.0,4.0,26.0,-1.0,-6.0,1.0,-3.0,1.0,19.0,4.0,-6.0,0.0,-2.0,0.0,33.0,6.0,-6.0,0.0,-2.0,1.0,16.0,5.0,-9.0,0.0,0
-1.0,2.0,21.0,3.0,-6.0,1.0,-1.0,2.0,17.0,3.0,-6.0,0.0,-1.0,2.0,21.0,3.0,-6.0,1.0,-1.0,2.0,19.0,4.0,-6.0,1.0,-1.0,2.0,19.0,4.0,-6.0,1.0,-1.0,2.0,21.0,3.0,-6.0,1.0,-1.0,2.0,19.0,4.0,-6.0,1.0,-1.0,2.0,19.0,4.0,-6.0,1.0,-4.0,4.0,12.0,1.0,-11.0,0.0,-2.0,2.0,21.0,2.0,-7.0,0.0,1.0,0.0,29.0,7.0,-1.0,0.0,-1.0,2.0,17.0,3.0,-5.0,0.0,2.0,0.0,32.0,6.0,-1.0,0.0,0.0,3.0,17.0,2.0,-10.0,1.0,2.0,0.0,17.0,8.0,-1.0,0.0,0
0.0,1.0,15.0,3.0,-3.0,0.0,-2.0,1.0,32.0,3.0,-7.0,0.0,-1.0,2.0,4.0,-1.0,-7.0,0.0,-1.0,1.0,6.0,5.0,-6.0,0.0,2.0,0.0,17.0,3.0,-4.0,0.0,2.0,0.0,28.0,3.0,-3.0,-1.0,2.0,1.0,24.0,1.0,-4.0,0.0,0.0,1.0,17.0,3.0,-4.0,1.0,-1.0,2.0,18.0,-2.0,-6.0,0.0,0.0,0.0,16.0,1.0,-6.0,-1.0,-1.0,2.0,11.0,-1.0,-8.0,0.0,0.0,0.0,18.0,1.0,-5.0,-1.0,0.0,0.0,11.0,2.0,-8.0,0.0,-1.0,0.0,-1.0,3.0,-4.0,0.0,1.0,0.0,25.0,0.0,-3.0,-2.0,0
-1.0,2.0,4.0,-1.0,-7.0,0.0,-1.0,1.0,6.0,5.0,-6.0,0.0,2.0,0.0,17.0,3.0,-4.0,0.0,2.0,0.0,28.0,3.0,-3.0,-1.0,2.0,1.0,24.0,1.0,-4.0,0.0,0.0,1.0,17.0,3.0,-4.0,1.0,-1.0,2.0,18.0,-2.0,-6.0,0.0,0.0,0.0,16.0,1.0,-6.0,-1.0,-1.0,2.0,11.0,-1.0,-8.0,0.0,0.0,0.0,18.0,1.0,-5.0,-1.0,0.0,0.0,11.0,2.0,-8.0,0.0,-1.0,0.0,-1.0,3.0,-4.0,0.0,1.0,0.0,25.0,0.0,-3.0,-2.0,0.0,0.0,22.0,2.0,-6.0,0.0,1.0,0.0,17.0,2.0,-4.0,0.0,0
2.0,0.0,17.0,3.0,-4.0,0.0,2.0,0.0,28.0,3.0,-3.0,-1.0,2.0,1.0,24.0,1.0,-4.0,0.0,0.0,1.0,17.0,3.0,-4.0,1.0,-1.0,2.0,18.0,-2.0,-6.0,0.0,0.0,0.0,16.0,1.0,-6.0,-1.0,-1.0,2.0,11.0,-1.0,-8.0,0.0,0.0,0.0,18.0,1.0,-5.0,-1.0,0.0,0.0,11.0,2.0,-8.0,0.0,-1.0,0.0,-1.0,3.0,-4.0,0.0,1.0,0.0,25.0,0.0,-3.0,-2.0,0.0,0.0,22.0,2.0,-6.0,0.0,1.0,0.0,17.0,2.0,-4.0,0.0,2.0,0.0,27.0,3.0,-2.0,-1.0,2.0,0.0,15.0,0.0,-4.0,-1.0,0
0.0,1.0,17.0,3.0,-4.0,1.0,-1.0,2.0,18.0,-2.0,-6.0,0.0,0.0,0.0,16.0,1.0,-6.0,-1.0,-1.0,2.0,11.0,-1.0,-8.0,0.0,0.0,0.0,18.0,1.0,-5.0,-1.0,0.0,0.0,11.0,2.0,-8.0,0.0,-1.0,0.0,-1.0,3.0,-4.0,0.0,1.0,0.0,25.0,0.0,-3.0,-2.0,0.0,0.0,22.0,2.0,-6.0,0.0,1.0,0.0,17.0,2.0,-4.0,0.0,2.0,0.0,27.0,3.0,-2.0,-1.0,2.0,0.0,15.0,0.0,-4.0,-1.0,0.0,0.0,19.0,-1.0,-3.0,-1.0,0.0,0.0,11.0,2.0,-4.0,0.0,0.0,0.0,6.0,0.0,-7.0,0.0,0
-1.0,2.0,18.0,-2.0,-6.0,0.0,0.0,0.0,16.0,1.0,-6.0,-1.0,-1.0,2.0,11.0,-1.0,-8.0,0.0,0.0,0.0,18.0,1.0,-5.0,-1.0,0.0,0.0,11.0,2.0,-8.0,0.0,-1.0,0.0,-1.0,3.0,-4.0,0.0,1.0,0.0,25.0,0.0,-3.0,-2.0,0.0,0.0,22.0,2.0,-6.0,0.0,1.0,0.0,17.0,2.0,-4.0,0.0,2.0,0.0,27.0,3.0,-2.0,-1.0,2.0,0.0,15.0,0.0,-4.0,-1.0,0.0,0.0,19.0,-1.0,-3.0,-1.0,0.0,0.0,11.0,2.0,-4.0,0.0,0.0,0.0,6.0,0.0,-7.0,0.0,-1.0,1.0,13.0,-4.0,-9.0,0.0,0
0.0,0.0,16.0,1.0,-6.0,-1.0,-1.0,2.0,11.0,-1.0,-8.0,0.0,0.0,0.0,18.0,1.0,-5.0,-1.0,0.0,0.0,11.0,2.0,-8.0,0.0,-1.0,0.0,-1.0,3.0,-4.0,0.0,1.0,0.0,25.0,0.0,-3.0,-2.0,0.0,0.0,22.0,2.0,-6.0,0.0,1.0,0.0,17.0,2.0,-4.0,0.0,2.0,0.0,27.0,3.0,-2.0,-1.0,2.0,0.0,15.0,0.0,-4.0,-1.0,0.0,0.0,19.0,-1.0,-3.0,-1.0,0.0,0.0,11.0,2.0,-4.0,0.0,0.0,0.0,6.0,0.0,-7.0,0.0,-1.0,1.0,13.0,-4.0,-9.0,0.0,-2.0,0.0,10.0,-4.0,-7.0,-2.0,0
-1.0,2.0,18.0,4.0,-7.0,0.0,-1.0,2.0,18.0,4.0,-7.0,1.0,-1.0,2.0,19.0,4.0,-6.0,1.0,-1.0,2.0,19.0,4.0,-6.0,1.0,-1.0,2.0,19.0,4.0,-6.0,1.0,-1.0,2.0,19.0,4.0,-6.0,1.0,-2.0,1.0,19.0,4.0,-6.0,0.0,-1.0,2.0,18.0,5.0,-6.0,0.0,-1.0,2.0,24.0,2.0,-9.0,0.0,0.0,-1.0,16.0,9.0,-3.0,-1.0,-2.0,3.0,29.0,4.0,-8.0,-1.0,-1.0,0.0,-4.0,4.0,-6.0,0.0,-2.0,1.0,23.0,2.0,-12.0,0.0,0.0,1.0,8.0,4.0,-2.0,0.0,0.0,1.0,17.0,1.0,-3.0,0.0,0
-2.0,1.0,19.0,3.0,-6.0,0.0,-2.0,1.0,18.0,3.0,-5.0,1.0,-2.0,1.0,21.0,3.0,-5.0,0.0,-2.0,0.0,19.0,3.0,-5.0,1.0,-2.0,1.0,21.0,3.0,-5.0,0.0,-2.0,1.0,18.0,3.0,-5.0,0.0,-2.0,1.0,19.0,3.0,-5.0,0.0,-2.0,0.0,19.0,2.0,-6.0,1.0,-2.0,0.0,19.0,1.0,-4.0,1.0,-5.0,4.0,18.0,-3.0,-12.0,1.0,-2.0,0.0,14.0,3.0,-4.0,0.0,-2.0,1.0,26.0,2.0,-6.0,0.0,-4.0,2.0,11.0,0.0,-9.0,0.0,-2.0,0.0,22.0,4.0,-4.0,-1.0,-1.0,1.0,17.0,0.0,-6.0,1.0,0
-2.0,1.0,19.0,4.0,-6.0,0.0,-2.0,1.0,18.0,4.0,-7.0,0.0,-2.0,1.0,20.0,5.0,-6.0,0.0,-2.0,1.0,21.0,5.0,-6.0,0.0,-2.0,1.0,21.0,3.0,-6.0,0.0,-2.0,1.0,21.0,5.0,-6.0,0.0,-2.0,1.0,21.0,5.0,-6.0,0.0,-2.0,1.0,21.0,3.0,-6.0,0.0,-2.0,2.0,15.0,2.0,-9.0,0.0,-1.0,1.0,29.0,3.0,-3.0,-1.0,0.0,1.0,23.0,4.0,-4.0,0.0,0.0,-1.0,3.0,5.0,-5.0,0.0,0.0,0.0,26.0,5.0,-4.0,0.0,-2.0,4.0,19.0,1.0,-11.0,-1.0,0.0,0.0,24.0,2.0,-3.0,-1.0,0
-4.0,0.0,8.0,5.0,-1.0,2.0,-4.0,0.0,7.0,5.0,-2.0,3.0,-4.0,1.0,7.0,5.0,-2.0,2.0,-4.0,0.0,9.0,6.0,-2.0,2.0,-5.0,1.0,5.0,5.0,-1.0,2.0,-4.0,0.0,7.0,5.0,-2.0,2.0,-5.0,1.0,8.0,6.0,-2.0,2.0,-4.0,1.0,8.0,5.0,-1.0,2.0,-4.0,0.0,9.0,5.0,0.0,0.0,-3.0,-1.0,10.0,7.0,-3.0,1.0,-1.0,-1.0,13.0,8.0,7.0,1.0,-6.0,2.0,15.0,4.0,-4.0,1.0,-5.0,0.0,8.0,8.0,-1.0,1.0,-3.0,1.0,22.0,7.0,1.0,0.0,-4.0,1.0,-6.0,2.0,-2.0,1.0,0
-4.0,1.0,7.0,5.0,-2.0,2.0,-4.0,0.0,7.0,5.0,-2.0,3.0,-4.0,1.0,8.0,6.0,-3.0,2.0,-5.0,1.0,8.0,6.0,-2.0,2.0,-5.0,1.0,7.0,5.0,-2.0,2.0,-4.0,1.0,7.0,5.0,-2.0,2.0,-4.0,1.0,7.0,5.0,-2.0,2.0,-5.0,1.0,7.0,5.0,-2.0,2.0,-4.0,1.0,8.0,5.0,1.0,1.0,-4.0,2.0,7.0,3.0,-1.0,2.0,-4.0,2.0,3.0,4.0,-1.0,2.0,-4.0,1.0,0.0,4.0,0.0,2.0,-5.0,1.0,0.0,4.0,1.0,1.0,-3.0,1.0,2.0,4.0,-1.0,2.0,-3.0,3.0,18.0,2.0,1.0,0.0,0
-4.0,0.0,7.0,5.0,-2.0,2.0,-4.0,0.0,5.0,5.0,-3.0,2.0,-4.0,0.0,7.0,5.0,-2.0,2.0,-4.0,0.0,9.0,5.0,-3.0,2.0,-4.0,1.0,8.0,5.0,-3.0,2.0,-4.0,0.0,8.0,4.0,-3.0,2.0,-4.0,0.0,8.0,6.0,-3.0,2.0,-4.0,0.0,8.0,4.0,-3.0,2.0,-1.0,-1.0,17.0,6.0,4.0,1.0,-4.0,-1.0,12.0,5.0,1.0,2.0,-4.0,-1.0,7.0,6.0,-2.0,0.0,-3.0,-1.0,2.0,8.0,2.0,1.0,-4.0,1.0,2.0,-1.0,-5.0,1.0,-3.0,-2.0,7.0,7.0,-1.0,1.0,-3.0,1.0,-2.0,3.0,-4.0,1.0,0
-4.0,0.0,8.0,6.0,-2.0,2.0,-4.0,0.0,5.0,5.0,-3.0,2.0,-4.0,0.0,7.0,5.0,-2.0,2.0,-4.0,0.0,8.0,4.0,-3.0,2.0,-3.0,0.0,8.0,4.0,-2.0,3.0,-4.0,0.0,7.0,5.0,-2.0,2.0,-4.0,0.0,8.0,4.0,-2.0,2.0,-4.0,0.0,8.0,6.0,-2.0,2.0,-6.0,0.0,14.0,4.0,-4.0,1.0,-3.0,0.0,2.0,4.0,-1.0,1.0,-2.0,-1.0,1.0,7.0,2.0,1.0,-4.0,1.0,2.0,3.0,-5.0,1.0,-6.0,0.0,8.0,3.0,-7.0,1.0,-3.0,-1.0,2.0,6.0,2.0,1.0,-5.0,2.0,2.0,0.0,-5.0,1.0,0
-4.0,0.0,8.0,6.0,-2.0,2.0,-4.0,1.0,7.0,6.0,-3.0,2.0,-4.0,0.0,8.0,6.0,-2.0,2.0,-4.0,1.0,8.0,6.0,-3.0,2.0,-4.0,1.0,7.0,5.0,-2.0,2.0,-5.0,1.0,8.0,6.0,-2.0,2.0,-4.0,0.0,8.0,6.0,-2.0,2.0,-4.0,1.0,7.0,5.0,-2.0,2.0,-4.0,1.0,5.0,6.0,-2.0,2.0,-6.0,1.0,5.0,5.0,-6.0,1.0,-4.0,0.0,1.0,5.0,-5.0,2.0,-4.0,1.0,16.0,7.0,-1.0,2.0,-5.0,1.0,-5.0,4.0,-3.0,1.0,-5.0,1.0,7.0,3.0,-3.0,1.0,-2.0,1.0,2.0,6.0,3.0,0.0,0
-4.0,0.0,7.0,5.0,0.0,2.0,-5.0,0.0,5.0,4.0,-1.0,2.0,-4.0,0.0,9.0,4.0,-2.0,2.0,-5.0,-1.0,8.0,6.0,-2.0,2.0,-4.0,-1.0,9.0,5.0,-1.0,2.0,-4.0,0.0,8.0,4.0,-1.0,1.0,-4.0,0.0,8.0,4.0,-2.0,2.0,-4.0,0.0,8.0,4.0,0.0,2.0,-4.0,1.0,5.0,1.0,-2.0,1.0,-4.0,-1.0,5.0,7.0,-2.0,2.0,-6.0,0.0,10.0,2.0,-4.0,0.0,-4.0,0.0,17.0,4.0,0.0,1.0,-3.0,-1.0,9.0,6.0,3.0,1.0,-4.0,0.0,-3.0,5.0,-4.0,1.0,-2.0,1.0,4.0,2.0,2.0,1.0,0
-15.0,22.0,123.0,-98.0,1.0,-15.0,29.0,19.0,13.0,23.0,59.0,17.0,20.0,-14.0,38.0,1.0,44.0,-6.0,8.0,-12.0,23.0,16.0,7.0,-2.0,-2.0,1.0,16.0,3.0,7.0,-2.0,-2.0,2.0,22.0,0.0,8.0,-3.0,-1.0,2.0,21.0,1.0,7.0,-2.0,-4.0,3.0,19.0,1.0,5.0,-4.0,-4.0,1.0,19.0,4.0,4.0,-3.0,-6.0,3.0,4.0,-4.0,3.0,-4.0,-3.0,3.0,15.0,2.0,3.0,-4.0,-3.0,2.0,22.0,1.0,7.0,-3.0,-4.0,2.0,18.0,-1.0,5.0,-3.0,-5.0,3.0,3.0,-5.0,1.0,-4.0,-6.0,5.0,3.0,-7.0,1.0,-3.0,1
35.0,3.0,81.0,-26.0,135.0,6.0,3.0,-2.0,100.0,-5.0,37.0,14.0,15.0,-11.0,55.0,8.0,33.0,3.0,17.0,2.0,29.0,-18.0,35.0,14.0,1.0,-6.0,55.0,5.0,19.0,-11.0,11.0,-1.0,63.0,3.0,51.0,-13.0,14.0,-5.0,38.0,2.0,58.0,-3.0,12.0,-14.0,2.0,17.0,10.0,-1.0,25.0,-22.0,-1.0,27.0,31.0,1.0,24.0,-19.0,7.0,25.0,30.0,0.0,16.0,-15.0,10.0,20.0,19.0,-1.0,21.0,-12.0,23.0,14.0,23.0,0.0,-2.0,-2.0,9.0,1.0,0.0,0.0,-1.0,-2.0,-9.0,-1.0,-1.0,-1.0,-2.0,0.0,-7.0,-4.0,-1.0,0.0,1
49.0,-5.0,16.0,7.0,64.0,0.0,24.0,-30.0,28.0,46.0,33.0,-1.0,16.0,-20.0,22.0,31.0,26.0,0.0,15.0,1.0,5.0,3.0,26.0,1.0,1.0,15.0,14.0,-20.0,4.0,0.0,-13.0,11.0,-4.0,-11.0,-12.0,-1.0,-14.0,0.0,5.0,4.0,-15.0,-1.0,3.0,-2.0,-1.0,1.0,0.0,0.0,4.0,0.0,-3.0,1.0,5.0,0.0,2.0,1.0,4.0,-3.0,0.0,-1.0,3.0,1.0,-3.0,-2.0,2.0,-1.0,1.0,0.0,-3.0,-1.0,1.0,-1.0,-1.0,0.0,-10.0,-2.0,-1.0,-1.0,1.0,-1.0,2.0,1.0,3.0,-1.0,3.0,-4.0,-3.0,7.0,3.0,-1.0,1
12.0,-6.0,25.0,13.0,17.0,-1.0,10.0,-2.0,10.0,3.0,10.0,0.0,10.0,-1.0,16.0,6.0,13.0,-1.0,6.0,0.0,15.0,3.0,6.0,-1.0,7.0,-1.0,21.0,3.0,7.0,-1.0,8.0,-3.0,26.0,10.0,12.0,-2.0,5.0,-1.0,5.0,3.0,1.0,0.0,-9.0,5.0,6.0,-3.0,-10.0,0.0,-12.0,7.0,-10.0,-10.0,-15.0,-1.0,-12.0,13.0,-10.0,-17.0,-18.0,-1.0,-11.0,11.0,-4.0,-12.0,-13.0,-1.0,-14.0,7.0,10.0,-8.0,-18.0,-1.0,-4.0,0.0,5.0,1.0,-5.0,-1.0,-4.0,0.0,10.0,1.0,-2.0,-1.0,-3.0,0.0,-13.0,-1.0,-5.0,-1.0,1
17.0,-36.0,-29.0,-4.0,22.0,-66.0,-10.0,6.0,22.0,11.0,-13.0,6.0,-2.0,17.0,-5.0,-21.0,-7.0,3.0,-3.0,6.0,10.0,-6.0,-7.0,0.0,-17.0,-2.0,-2.0,5.0,-23.0,-1.0,-3.0,3.0,-3.0,-1.0,-4.0,-2.0,-2.0,2.0,2.0,-1.0,-4.0,-2.0,-4.0,3.0,3.0,-1.0,-7.0,-2.0,-4.0,2.0,8.0,0.0,-6.0,-1.0,-2.0,0.0,-3.0,2.0,-3.0,-1.0,-2.0,1.0,4.0,-2.0,-5.0,-2.0,-1.0,0.0,-9.0,0.0,-3.0,-1.0,-1.0,1.0,1.0,-2.0,-4.0,-2.0,0.0,-1.0,4.0,5.0,3.0,-1.0,-1.0,-1.0,-6.0,3.0,4.0,-1.0,1
-11.0,9.0,16.0,-17.0,-22.0,6.0,-17.0,4.0,10.0,-2.0,-28.0,-2.0,3.0,2.0,-2.0,-1.0,7.0,0.0,-11.0,6.0,4.0,-3.0,-10.0,-1.0,-18.0,7.0,-1.0,-8.0,-18.0,-1.0,-20.0,11.0,7.0,-9.0,-21.0,-1.0,-16.0,10.0,-7.0,-10.0,-20.0,-2.0,-16.0,9.0,-3.0,-11.0,-18.0,-2.0,-13.0,6.0,10.0,-5.0,-17.0,-2.0,-1.0,-1.0,-11.0,0.0,0.0,-1.0,-1.0,0.0,-1.0,2.0,-4.0,-2.0,-1.0,-1.0,8.0,1.0,1.0,-1.0,0.0,0.0,8.0,-1.0,-1.0,-1.0,-1.0,-1.0,10.0,3.0,1.0,-2.0,-1.0,-1.0,-2.0,1.0,2.0,-1.0,1
-36.0,-24.0,-6.0,87.0,-44.0,-34.0,10.0,-4.0,-2.0,9.0,15.0,-2.0,8.0,-6.0,3.0,8.0,11.0,-1.0,4.0,-5.0,8.0,8.0,8.0,-1.0,2.0,-1.0,1.0,4.0,3.0,-1.0,-2.0,0.0,10.0,-3.0,-3.0,-1.0,-4.0,2.0,4.0,-3.0,-5.0,0.0,-6.0,2.0,4.0,0.0,-8.0,-1.0,-2.0,0.0,9.0,1.0,-3.0,-1.0,-4.0,1.0,2.0,-3.0,-5.0,-2.0,-4.0,1.0,-16.0,-3.0,-5.0,-2.0,-2.0,0.0,19.0,3.0,0.0,-2.0,-4.0,1.0,10.0,-2.0,-3.0,-2.0,-1.0,-2.0,-4.0,-1.0,-3.0,-2.0,-1.0,0.0,-4.0,0.0,-3.0,-1.0,1
-22.0,12.0,-3.0,-14.0,-28.0,-2.0,-23.0,10.0,-4.0,-9.0,-25.0,-3.0,-22.0,11.0,-15.0,-11.0,-29.0,-2.0,-15.0,9.0,4.0,-9.0,-16.0,-2.0,-11.0,7.0,-4.0,-8.0,-15.0,-3.0,-6.0,2.0,-7.0,1.0,-7.0,-3.0,-2.0,-2.0,-11.0,3.0,-4.0,-2.0,-2.0,1.0,-9.0,-1.0,-2.0,-3.0,-2.0,1.0,4.0,0.0,1.0,-3.0,0.0,1.0,8.0,2.0,4.0,-3.0,-1.0,0.0,-5.0,0.0,1.0,-3.0,1.0,0.0,-4.0,2.0,0.0,-3.0,0.0,1.0,-4.0,-2.0,2.0,-4.0,-1.0,-1.0,-21.0,-2.0,-1.0,-4.0,0.0,1.0,-2.0,-2.0,0.0,-4.0,1
-29.0,-6.0,4.0,8.0,-32.0,-2.0,-24.0,5.0,-6.0,-7.0,-28.0,-1.0,-19.0,16.0,-5.0,-20.0,-14.0,-3.0,-22.0,13.0,-7.0,-15.0,-22.0,-4.0,-25.0,3.0,-1.0,-5.0,-27.0,-2.0,-17.0,-1.0,-3.0,1.0,-16.0,-3.0,-11.0,3.0,-2.0,-4.0,-9.0,-2.0,-1.0,0.0,3.0,0.0,4.0,-3.0,-3.0,-1.0,-18.0,-1.0,1.0,-2.0,-3.0,-1.0,-3.0,-3.0,1.0,-3.0,-3.0,0.0,-13.0,0.0,0.0,-3.0,-4.0,1.0,5.0,-2.0,2.0,-3.0,-3.0,0.0,-20.0,-1.0,2.0,-4.0,-2.0,-2.0,2.0,-3.0,3.0,-4.0,-1.0,-1.0,-10.0,0.0,6.0,-4.0,1
59.0,-6.0,46.0,41.0,191.0,-14.0,32.0,-2.0,47.0,22.0,112.0,-23.0,43.0,9.0,23.0,-6.0,144.0,-30.0,30.0,0.0,56.0,11.0,125.0,-35.0,28.0,7.0,45.0,0.0,114.0,-27.0,22.0,5.0,31.0,0.0,89.0,-23.0,18.0,7.0,52.0,2.0,75.0,-19.0,-2.0,3.0,12.0,-6.0,-14.0,-1.0,0.0,1.0,12.0,-8.0,-9.0,-4.0,1.0,3.0,23.0,4.0,-3.0,-1.0,-1.0,0.0,6.0,-6.0,-13.0,-1.0,1.0,-1.0,13.0,-9.0,-9.0,0.0,2.0,0.0,-3.0,-13.0,-13.0,-3.0,0.0,1.0,3.0,-19.0,-17.0,-2.0,0.0,1.0,-1.0,-11.0,-17.0,-2.0,1
25.0,12.0,40.0,-29.0,61.0,-5.0,66.0,45.0,98.0,-107.0,158.0,1.0,-3.0,-1.0,8.0,-13.0,-1.0,2.0,-4.0,2.0,-1.0,-12.0,-14.0,0.0,-4.0,2.0,18.0,0.0,-4.0,0.0,-5.0,-2.0,24.0,1.0,-16.0,-5.0,-4.0,2.0,25.0,0.0,-13.0,-8.0,-2.0,0.0,5.0,-8.0,-14.0,-6.0,-1.0,2.0,19.0,2.0,-12.0,-6.0,2.0,-2.0,-27.0,-19.0,-30.0,-3.0,11.0,3.0,-30.0,6.0,-4.0,3.0,22.0,10.0,-32.0,7.0,42.0,22.0,15.0,2.0,-240.0,36.0,38.0,0.0,13.0,-2.0,-193.0,32.0,37.0,-10.0,3.0,-14.0,-210.0,26.0,11.0,-68.0,1
19.0,30.0,44.0,-117.0,37.0,40.0,-32.0,7.0,23.0,-7.0,-66.0,0.0,-9.0,10.0,-14.0,-19.0,-1.0,0.0,-11.0,3.0,-13.0,-7.0,-9.0,-2.0,-9.0,6.0,4.0,-10.0,1.0,-1.0,-8.0,-2.0,8.0,-1.0,-2.0,0.0,-2.0,0.0,2.0,-2.0,9.0,-3.0,-2.0,0.0,7.0,-2.0,5.0,-1.0,-8.0,1.0,3.0,-9.0,-5.0,0.0,-4.0,1.0,14.0,-7.0,2.0,0.0,-4.0,2.0,0.0,-10.0,4.0,-1.0,78.0,1.0,91.0,37.0,250.0,-54.0,4.0,-1.0,7.0,-13.0,-10.0,-6.0,2.0,0.0,-13.0,-16.0,-15.0,-5.0,2.0,1.0,-1.0,-15.0,-18.0,-4.0,1
16.0,16.0,31.0,-26.0,69.0,-27.0,12.0,8.0,11.0,-29.0,54.0,-26.0,-9.0,5.0,24.0,-9.0,-15.0,-5.0,-6.0,0.0,15.0,0.0,-21.0,17.0,-4.0,-2.0,2.0,-8.0,-17.0,-14.0,-9.0,6.0,22.0,-10.0,-10.0,-28.0,-7.0,6.0,27.0,2.0,-12.0,8.0,-2.0,1.0,16.0,0.0,-9.0,-1.0,0.0,-1.0,16.0,3.0,-4.0,-2.0,0.0,-1.0,25.0,3.0,-2.0,-1.0,0.0,-2.0,17.0,5.0,-1.0,-3.0,-1.0,1.0,27.0,-1.0,-2.0,-3.0,0.0,2.0,10.0,-11.0,-8.0,-4.0,-1.0,0.0,-8.0,-10.0,-15.0,-4.0,0.0,1.0,5.0,-7.0,-9.0,-3.0,1
-19.0,4.0,47.0,-47.0,-57.0,-30.0,-28.0,31.0,30.0,-135.0,-78.0,-40.0,-31.0,34.0,45.0,-167.0,-91.0,-49.0,-24.0,42.0,50.0,-221.0,-82.0,-42.0,-16.0,55.0,35.0,-266.0,-52.0,-23.0,0.0,1.0,22.0,-4.0,9.0,9.0,-7.0,8.0,21.0,-14.0,0.0,-2.0,0.0,4.0,22.0,-7.0,-26.0,15.0,-2.0,0.0,16.0,-7.0,8.0,-3.0,-1.0,-1.0,11.0,2.0,5.0,-2.0,-1.0,1.0,15.0,2.0,2.0,-2.0,-1.0,0.0,18.0,6.0,5.0,-2.0,-3.0,-1.0,17.0,3.0,2.0,-2.0,-2.0,1.0,-5.0,1.0,-2.0,-2.0,-2.0,0.0,10.0,4.0,1.0,-3.0,1
15.0,-13.0,-4.0,39.0,-31.0,84.0,-14.0,3.0,1.0,-4.0,-87.0,-10.0,-27.0,5.0,-17.0,-27.0,-23.0,-5.0,-19.0,4.0,6.0,-4.0,-13.0,-2.0,-8.0,0.0,14.0,-10.0,12.0,-5.0,-2.0,-2.0,6.0,-4.0,15.0,-6.0,-2.0,-1.0,11.0,-7.0,10.0,-2.0,-2.0,-1.0,11.0,-6.0,5.0,-2.0,-2.0,-1.0,10.0,-5.0,6.0,-2.0,-2.0,-1.0,9.0,-6.0,6.0,-2.0,-2.0,0.0,9.0,-5.0,5.0,-2.0,-2.0,0.0,11.0,-6.0,5.0,-2.0,-2.0,0.0,9.0,-6.0,6.0,-2.0,-2.0,-1.0,12.0,-5.0,5.0,-2.0,-2.0,-1.0,11.0,-6.0,5.0,-2.0,1
40.0,-13.0,27.0,26.0,55.0,1.0,32.0,-4.0,31.0,5.0,49.0,0.0,27.0,-8.0,36.0,16.0,42.0,0.0,20.0,-14.0,22.0,24.0,31.0,-1.0,20.0,-13.0,15.0,22.0,27.0,-1.0,16.0,-6.0,30.0,13.0,24.0,-2.0,13.0,0.0,34.0,4.0,21.0,-1.0,1.0,0.0,4.0,2.0,-1.0,-1.0,1.0,-1.0,23.0,7.0,-1.0,-1.0,0.0,0.0,19.0,5.0,3.0,-1.0,0.0,0.0,18.0,1.0,-2.0,-1.0,24.0,-217.0,179.0,1016.0,339.0,-233.0,-14.0,-7.0,-32.0,14.0,1.0,-53.0,-70.0,-12.0,18.0,8.0,-153.0,-8.0,-4.0,1.0,9.0,-7.0,-3.0,-1.0,1
-12.0,-5.0,20.0,-3.0,-24.0,0.0,0.0,17.0,11.0,-31.0,-5.0,-1.0,-1.0,9.0,32.0,-9.0,6.0,-1.0,-10.0,0.0,23.0,8.0,-11.0,0.0,-3.0,0.0,18.0,4.0,-4.0,-2.0,-4.0,1.0,13.0,2.0,-3.0,-2.0,-4.0,2.0,10.0,1.0,-7.0,-2.0,-4.0,2.0,19.0,-1.0,-10.0,-2.0,-4.0,2.0,17.0,2.0,-3.0,-2.0,-4.0,2.0,27.0,2.0,-6.0,-2.0,-2.0,0.0,5.0,1.0,-6.0,-1.0,-1.0,0.0,23.0,3.0,0.0,-2.0,0.0,-1.0,3.0,2.0,-5.0,-1.0,-2.0,0.0,23.0,2.0,-5.0,-1.0,-4.0,2.0,15.0,-1.0,-9.0,-2.0,1
-13.0,-7.0,18.0,19.0,-15.0,0.0,-11.0,3.0,10.0,-5.0,-17.0,-2.0,-9.0,8.0,18.0,-11.0,-13.0,-2.0,-9.0,9.0,17.0,-11.0,-16.0,-1.0,-12.0,5.0,20.0,-2.0,-16.0,-2.0,-13.0,-2.0,18.0,6.0,-19.0,-1.0,-11.0,2.0,13.0,-2.0,-18.0,0.0,-3.0,0.0,22.0,2.0,0.0,-2.0,-4.0,1.0,24.0,-1.0,-8.0,-1.0,-3.0,0.0,15.0,2.0,-9.0,-2.0,-4.0,2.0,24.0,-3.0,-8.0,-2.0,-3.0,0.0,23.0,2.0,-8.0,-2.0,-4.0,2.0,13.0,-1.0,-8.0,-2.0,-2.0,-1.0,22.0,2.0,-2.0,-2.0,-2.0,-1.0,22.0,2.0,-2.0,-2.0,1
-53.0,16.0,-17.0,-39.0,-98.0,-22.0,-48.0,19.0,8.0,-32.0,-61.0,3.0,-40.0,19.0,12.0,-29.0,-55.0,-2.0,-31.0,16.0,6.0,-32.0,-23.0,-5.0,-22.0,8.0,-2.0,-17.0,-11.0,-4.0,-6.0,0.0,-15.0,-6.0,2.0,-4.0,-5.0,-2.0,-6.0,-5.0,6.0,-3.0,-5.0,-1.0,8.0,-4.0,10.0,-3.0,-2.0,-2.0,-5.0,-6.0,15.0,-2.0,-4.0,-1.0,8.0,-3.0,15.0,-1.0,-4.0,-2.0,7.0,-7.0,18.0,-4.0,-8.0,-1.0,-24.0,-7.0,4.0,-5.0,4.0,-8.0,-165.0,9.0,23.0,-5.0,4.0,-9.0,-165.0,9.0,24.0,-5.0,5.0,-9.0,-164.0,7.0,24.0,-6.0,1
-39.0,3.0,11.0,5.0,-67.0,-2.0,-34.0,31.0,17.0,-60.0,-62.0,-16.0,-20.0,30.0,17.0,-51.0,-38.0,15.0,-7.0,1.0,14.0,-16.0,-17.0,-8.0,-4.0,5.0,21.0,-10.0,-13.0,-4.0,1.0,6.0,18.0,-13.0,2.0,-4.0,-1.0,10.0,16.0,-24.0,-4.0,-8.0,8.0,-1.0,23.0,5.0,10.0,-2.0,7.0,-1.0,18.0,5.0,7.0,-1.0,2.0,-3.0,28.0,7.0,3.0,-2.0,0.0,-5.0,15.0,9.0,-2.0,-1.0,-1.0,-6.0,20.0,11.0,-2.0,-2.0,1.0,-1.0,17.0,5.0,0.0,-2.0,0.0,1.0,26.0,2.0,-2.0,-1.0,-5.0,0.0,20.0,-3.0,-11.0,-3.0,1
-15.0,22.0,123.0,-98.0,1.0,-15.0,29.0,19.0,13.0,23.0,59.0,17.0,20.0,-14.0,38.0,1.0,44.0,-6.0,8.0,-12.0,23.0,16.0,7.0,-2.0,-2.0,1.0,16.0,3.0,7.0,-2.0,-2.0,2.0,22.0,0.0,8.0,-3.0,-1.0,2.0,21.0,1.0,7.0,-2.0,-4.0,3.0,19.0,1.0,5.0,-4.0,-4.0,1.0,19.0,4.0,4.0,-3.0,-6.0,3.0,4.0,-4.0,3.0,-4.0,-3.0,3.0,15.0,2.0,3.0,-4.0,-3.0,2.0,22.0,1.0,7.0,-3.0,-4.0,2.0,18.0,-1.0,5.0,-3.0,-5.0,3.0,3.0,-5.0,1.0,-4.0,-6.0,5.0,3.0,-7.0,1.0,-3.0,1
-46.0,66.0,-21.0,-115.0,-11.0,-1.0,-71.0,3.0,8.0,-15.0,-78.0,-2.0,-79.0,9.0,13.0,-3.0,-111.0,-2.0,-44.0,29.0,-11.0,-36.0,-67.0,-3.0,-15.0,28.0,-6.0,-32.0,-15.0,-3.0,-15.0,7.0,9.0,0.0,-19.0,-2.0,-7.0,-11.0,30.0,23.0,-8.0,-2.0,-5.0,5.0,-1.0,-3.0,-4.0,-3.0,-6.0,3.0,2.0,1.0,-5.0,-3.0,-6.0,3.0,-1.0,2.0,-6.0,-2.0,-4.0,3.0,19.0,2.0,-1.0,-2.0,-5.0,3.0,2.0,-1.0,-5.0,-3.0,-4.0,2.0,8.0,2.0,-3.0,-3.0,-2.0,2.0,13.0,1.0,0.0,-2.0,-1.0,1.0,19.0,7.0,4.0,-3.0,1
-14.0,11.0,-10.0,-10.0,-19.0,-2.0,-9.0,4.0,4.0,-1.0,-11.0,-3.0,-12.0,-3.0,-6.0,12.0,-16.0,-3.0,-7.0,-2.0,-2.0,9.0,-8.0,-3.0,-3.0,-2.0,4.0,7.0,-2.0,-3.0,1.0,0.0,1.0,5.0,5.0,-3.0,1.0,-1.0,12.0,6.0,5.0,-3.0,1.0,1.0,4.0,2.0,5.0,-4.0,1.0,2.0,-10.0,1.0,2.0,-3.0,-1.0,0.0,10.0,3.0,3.0,-3.0,1.0,1.0,9.0,6.0,8.0,-4.0,0.0,1.0,4.0,4.0,7.0,-3.0,-1.0,0.0,10.0,3.0,3.0,-3.0,1.0,1.0,9.0,6.0,8.0,-4.0,0.0,1.0,4.0,4.0,7.0,-3.0,1
20.0,-16.0,9.0,26.0,29.0,-1.0,24.0,-3.0,30.0,8.0,38.0,-4.0,27.0,-9.0,-2.0,19.0,40.0,-2.0,27.0,-13.0,17.0,20.0,39.0,-2.0,20.0,-13.0,3.0,22.0,29.0,-1.0,16.0,-11.0,21.0,19.0,29.0,-3.0,20.0,-7.0,12.0,17.0,33.0,-2.0,-1.0,0.0,-8.0,4.0,2.0,-4.0,-1.0,0.0,2.0,4.0,4.0,-4.0,1.0,0.0,2.0,3.0,7.0,-3.0,-1.0,2.0,-1.0,0.0,4.0,-4.0,0.0,0.0,6.0,3.0,6.0,-4.0,-3.0,3.0,-5.0,-1.0,-5.0,-5.0,-3.0,1.0,-8.0,1.0,-2.0,-5.0,-1.0,1.0,-3.0,4.0,0.0,-5.0,1
30.0,-30.0,34.0,43.0,45.0,0.0,42.0,-31.0,26.0,47.0,63.0,-1.0,37.0,-21.0,14.0,29.0,53.0,-1.0,26.0,-14.0,20.0,16.0,40.0,-1.0,26.0,-14.0,16.0,19.0,41.0,-2.0,26.0,-18.0,9.0,27.0,42.0,-1.0,22.0,-13.0,9.0,18.0,35.0,-1.0,-1.0,0.0,2.0,-1.0,5.0,-4.0,-2.0,1.0,2.0,-2.0,1.0,-4.0,-1.0,-1.0,-1.0,1.0,2.0,-3.0,-2.0,0.0,10.0,-1.0,1.0,-2.0,-2.0,0.0,1.0,-1.0,0.0,-3.0,-1.0,0.0,2.0,-1.0,5.0,-4.0,-2.0,1.0,2.0,-2.0,1.0,-4.0,-1.0,-1.0,-1.0,1.0,2.0,-3.0,1
-74.0,30.0,55.0,-149.0,-163.0,20.0,-38.0,53.0,0.0,-83.0,-93.0,1.0,-47.0,10.0,-26.0,31.0,-67.0,-1.0,-57.0,21.0,16.0,-18.0,-70.0,-4.0,-55.0,21.0,5.0,-36.0,-68.0,-2.0,-42.0,24.0,-2.0,-36.0,-51.0,-4.0,-39.0,23.0,2.0,-30.0,-47.0,-4.0,3.0,-3.0,8.0,4.0,8.0,-3.0,1.0,-1.0,16.0,4.0,9.0,-3.0,1.0,-1.0,3.0,1.0,6.0,-3.0,1.0,-1.0,7.0,2.0,6.0,-3.0,1.0,-2.0,-6.0,4.0,7.0,-2.0,-2.0,1.0,5.0,-3.0,1.0,-4.0,-1.0,1.0,-4.0,-2.0,2.0,-4.0,-1.0,0.0,8.0,1.0,3.0,-5.0,1
-27.0,18.0,-3.0,-26.0,-39.0,-4.0,-34.0,10.0,6.0,-8.0,-45.0,-3.0,-32.0,4.0,2.0,-5.0,-43.0,-3.0,-15.0,-4.0,4.0,6.0,-18.0,-3.0,-12.0,-2.0,-3.0,2.0,-13.0,-2.0,-12.0,-1.0,16.0,4.0,-12.0,-2.0,-12.0,-2.0,9.0,7.0,-11.0,-3.0,0.0,0.0,14.0,0.0,8.0,-4.0,-1.0,0.0,3.0,1.0,4.0,-3.0,-1.0,-1.0,19.0,0.0,5.0,-3.0,1.0,-3.0,9.0,4.0,9.0,-4.0,-2.0,0.0,-9.0,-2.0,-2.0,-3.0,-1.0,0.0,3.0,1.0,4.0,-3.0,-1.0,-1.0,19.0,0.0,5.0,-3.0,1.0,-3.0,9.0,4.0,9.0,-4.0,1
188.0,-1.0,-42.0,220.0,192.0,-15.0,114.0,-17.0,95.0,30.0,153.0,2.0,95.0,-74.0,16.0,91.0,142.0,4.0,86.0,-67.0,31.0,101.0,119.0,-8.0,10.0,-6.0,3.0,10.0,18.0,-3.0,8.0,-4.0,11.0,8.0,18.0,-3.0,8.0,-2.0,9.0,4.0,18.0,-3.0,8.0,-2.0,12.0,7.0,15.0,-4.0,6.0,-2.0,3.0,4.0,13.0,-3.0,-4.0,1.0,3.0,-2.0,1.0,-4.0,-4.0,2.0,-6.0,-1.0,2.0,-4.0,-1.0,0.0,17.0,3.0,8.0,-5.0,0.0,-1.0,9.0,-1.0,5.0,-4.0,-2.0,2.0,9.0,-4.0,-1.0,-4.0,-1.0,1.0,-8.0,-2.0,2.0,-4.0,1
-116.0,41.0,-50.0,14.0,-206.0,-24.0,-84.0,-7.0,9.0,24.0,-131.0,-17.0,-54.0,9.0,-10.0,-18.0,-53.0,1.0,-49.0,44.0,9.0,-65.0,-54.0,-1.0,-55.0,31.0,-8.0,-41.0,-68.0,-3.0,-3.0,0.0,18.0,1.0,6.0,-2.0,-4.0,1.0,-6.0,-2.0,3.0,-2.0,-4.0,0.0,12.0,-1.0,1.0,-2.0,-4.0,-1.0,13.0,0.0,-1.0,-1.0,-3.0,0.0,1.0,-2.0,2.0,-2.0,0.0,-1.0,6.0,1.0,6.0,-3.0,-3.0,0.0,3.0,-2.0,4.0,-3.0,-1.0,-3.0,-4.0,0.0,7.0,-4.0,-4.0,1.0,8.0,-8.0,0.0,-4.0,-2.0,-1.0,4.0,1.0,5.0,-5.0,1
1.0,-26.0,-517.0,95.0,40.0,-33.0,-8.0,-30.0,-723.0,113.0,17.0,-15.0,-3.0,-95.0,-1415.0,-68.0,207.0,-29.0,10.0,-178.0,-2203.0,-143.0,384.0,-30.0,-27.0,-244.0,-2589.0,-106.0,356.0,-7.0,-103.0,-320.0,-2804.0,-32.0,241.0,29.0,-168.0,-382.0,-2957.0,46.0,151.0,31.0,-138.0,-331.0,-2693.0,-142.0,194.0,8.0,-138.0,-330.0,-2690.0,-145.0,203.0,4.0,-139.0,-328.0,-2680.0,-147.0,223.0,6.0,-136.0,-326.0,-2680.0,-156.0,208.0,4.0,-134.0,-325.0,-2672.0,-158.0,207.0,5.0,-125.0,-313.0,-2619.0,-189.0,228.0,4.0,-125.0,-311.0,-2616.0,-189.0,227.0,3.0,-123.0,-314.0,-2616.0,-186.0,217.0,6.0,0
-17.0,-30.0,-163.0,-115.0,33.0,3.0,-21.0,-40.0,-431.0,-90.0,96.0,7.0,-18.0,-93.0,-1175.0,-231.0,258.0,10.0,35.0,-33.0,13.0,49.0,51.0,-3.0,18.0,-13.0,24.0,17.0,22.0,-2.0,7.0,-2.0,16.0,0.0,6.0,-2.0,2.0,0.0,5.0,-4.0,-1.0,-2.0,7.0,-2.0,16.0,0.0,6.0,-2.0,-14.0,6.0,7.0,-12.0,-25.0,-2.0,7.0,-2.0,16.0,0.0,6.0,-2.0,2.0,0.0,5.0,-4.0,-1.0,-2.0,-14.0,6.0,7.0,-12.0,-25.0,-2.0,-14.0,6.0,7.0,-12.0,-25.0,-2.0,2.0,0.0,5.0,-4.0,-1.0,-2.0,-14.0,6.0,7.0,-12.0,-25.0,-2.0,1
-13.0,-13.0,-29.0,29.0,27.0,-13.0,-11.0,-12.0,-30.0,26.0,37.0,-8.0,-11.0,-13.0,-28.0,29.0,34.0,-14.0,-11.0,-26.0,-122.0,68.0,147.0,-13.0,-6.0,-27.0,-120.0,74.0,178.0,-36.0,8.0,-25.0,-87.0,66.0,180.0,-25.0,19.0,-15.0,-69.0,36.0,144.0,-12.0,23.0,-20.0,-62.0,45.0,166.0,-15.0,23.0,-18.0,-67.0,45.0,183.0,-16.0,19.0,-14.0,-53.0,30.0,144.0,-11.0,-492.0,-364.0,-3018.0,185.0,72.0,-199.0,-473.0,-364.0,-3028.0,77.0,211.0,-167.0,-472.0,-352.0,-3161.0,-22.0,355.0,-145.0,-377.0,-198.0,-2021.0,-45.0,167.0,-25.0,-272.0,-227.0,-302.0,173.0,-413.0,-49.0,0
-3.0,-5.0,-14.0,24.0,35.0,-4.0,-7.0,-2.0,-26.0,22.0,41.0,-3.0,-7.0,-1.0,-46.0,22.0,44.0,-2.0,-9.0,1.0,-48.0,19.0,52.0,0.0,-6.0,2.0,-31.0,17.0,56.0,3.0,-4.0,1.0,-36.0,20.0,61.0,3.0,-6.0,0.0,-63.0,30.0,65.0,1.0,-50.0,-31.0,-371.0,-12.0,-50.0,-44.0,-27.0,-28.0,-359.0,-2.0,5.0,-45.0,-31.0,-31.0,-526.0,27.0,81.0,-89.0,-69.0,-52.0,-1008.0,27.0,182.0,-192.0,-100.0,-35.0,-1421.0,-23.0,272.0,-220.0,-162.0,-6.0,-1831.0,-115.0,285.0,-197.0,-240.0,-4.0,-2233.0,-153.0,274.0,-248.0,-80.0,13.0,-564.0,-48.0,63.0,-21.0,0
10.0,-13.0,-57.0,70.0,11.0,17.0,15.0,11.0,-87.0,43.0,28.0,11.0,23.0,29.0,-108.0,19.0,41.0,11.0,12.0,18.0,-125.0,37.0,16.0,9.0,-238.0,229.0,-735.0,-824.0,-725.0,-9.0,36.0,-8.0,-1384.0,-101.0,-161.0,-59.0,17.0,-8.0,-1344.0,-137.0,-190.0,-88.0,4.0,7.0,-1230.0,-166.0,-199.0,-91.0,-1.0,10.0,-1221.0,-169.0,-216.0,-83.0,36.0,-8.0,-1384.0,-101.0,-161.0,-59.0,4.0,7.0,-1230.0,-166.0,-199.0,-91.0,-1.0,10.0,-1221.0,-169.0,-216.0,-83.0,36.0,-8.0,-1384.0,-101.0,-161.0,-59.0,17.0,-8.0,-1344.0,-137.0,-190.0,-88.0,4.0,7.0,-1230.0,-166.0,-199.0,-91.0,0
2.0,-47.0,-604.0,119.0,26.0,-18.0,20.0,-65.0,-860.0,143.0,-16.0,-25.0,86.0,-105.0,-1622.0,134.0,-11.0,-20.0,166.0,-155.0,-2542.0,143.0,-32.0,-35.0,207.0,-186.0,-2966.0,153.0,-44.0,-26.0,213.0,-188.0,-2958.0,148.0,-50.0,-24.0,213.0,-189.0,-2929.0,133.0,-35.0,-22.0,210.0,-183.0,-2795.0,115.0,-29.0,-11.0,210.0,-184.0,-2792.0,113.0,-29.0,-12.0,210.0,-184.0,-2788.0,113.0,-29.0,-11.0,210.0,-183.0,-2785.0,112.0,-29.0,-11.0,210.0,-183.0,-2781.0,112.0,-29.0,-11.0,210.0,-184.0,-2788.0,113.0,-29.0,-11.0,210.0,-183.0,-2785.0,112.0,-29.0,-11.0,210.0,-183.0,-2781.0,112.0,-29.0,-11.0,0
16.0,-39.0,-170.0,-20.0,-116.0,17.0,17.0,-32.0,-165.0,-32.0,-101.0,15.0,23.0,-29.0,-156.0,-45.0,-91.0,11.0,24.0,-34.0,-169.0,-38.0,-93.0,10.0,24.0,-36.0,-164.0,-36.0,-96.0,12.0,29.0,-37.0,-177.0,-39.0,-86.0,10.0,28.0,-42.0,-224.0,-41.0,-74.0,8.0,87.0,-117.0,-2112.0,154.0,81.0,-150.0,-28.0,12.0,151.0,-49.0,18.0,27.0,18.0,2.0,6.0,26.0,45.0,-6.0,36.0,16.0,-61.0,-33.0,52.0,-5.0,-35.0,24.0,-54.0,-22.0,-12.0,5.0,-6.0,15.0,-130.0,95.0,12.0,-7.0,-4.0,12.0,-135.0,115.0,31.0,-10.0,-10.0,18.0,-163.0,108.0,22.0,-11.0,1
29.0,-19.0,-178.0,-71.0,-70.0,-8.0,37.0,-33.0,-216.0,-64.0,-74.0,-1.0,36.0,-39.0,-208.0,-32.0,-72.0,7.0,31.0,-38.0,-196.0,-28.0,-71.0,7.0,33.0,-37.0,-216.0,-33.0,-46.0,1.0,36.0,-36.0,-195.0,-36.0,-37.0,2.0,35.0,-37.0,-201.0,-36.0,-45.0,2.0,-29.0,6.0,-155.0,72.0,116.0,-15.0,-29.0,5.0,-142.0,77.0,115.0,-20.0,-23.0,-4.0,-125.0,89.0,106.0,-21.0,-1.0,-25.0,-629.0,156.0,247.0,-21.0,4.0,-45.0,-1387.0,229.0,402.0,-43.0,2.0,9.0,-81.0,71.0,39.0,-7.0,2.0,7.0,-85.0,75.0,34.0,-1.0,1.0,11.0,-106.0,87.0,42.0,-4.0,1
59.0,-59.0,-332.0,27.0,-50.0,20.0,45.0,-71.0,-316.0,62.0,-79.0,25.0,38.0,-64.0,-284.0,63.0,-78.0,32.0,10.0,-75.0,-244.0,108.0,-136.0,48.0,44.0,-38.0,-293.0,-17.0,-75.0,7.0,86.0,-45.0,-469.0,-52.0,-92.0,0.0,87.0,-86.0,-655.0,-9.0,-193.0,21.0,216.0,-44.0,0.0,48.0,299.0,1.0,99.0,-39.0,56.0,45.0,135.0,-1.0,84.0,-48.0,22.0,68.0,116.0,-1.0,85.0,-29.0,5.0,36.0,122.0,-7.0,31.0,3.0,13.0,-10.0,50.0,-7.0,10.0,3.0,6.0,-4.0,27.0,-3.0,8.0,-12.0,0.0,15.0,21.0,-2.0,-9.0,4.0,-12.0,-9.0,-2.0,-3.0,1
322.0,-338.0,-3195.0,280.0,-64.0,-34.0,328.0,-360.0,-3224.0,291.0,-74.0,-30.0,331.0,-367.0,-3281.0,286.0,-78.0,-27.0,337.0,-364.0,-3292.0,290.0,-78.0,-34.0,351.0,-368.0,-3348.0,282.0,-62.0,-31.0,192.0,254.0,418.0,194.0,381.0,61.0,-11.0,-18.0,9.0,74.0,-4.0,2.0,10.0,3.0,6.0,-4.0,27.0,-3.0,8.0,-12.0,0.0,15.0,21.0,-2.0,-9.0,4.0,-12.0,-9.0,-2.0,-3.0,-11.0,-18.0,9.0,74.0,-4.0,2.0,10.0,3.0,6.0,-4.0,27.0,-3.0,8.0,-12.0,0.0,15.0,21.0,-2.0,-9.0,4.0,-12.0,-9.0,-2.0,-3.0,-11.0,-18.0,9.0,74.0,-4.0,2.0,0
16.0,-2.0,-39.0,-18.0,-15.0,-15.0,38.0,-18.0,-209.0,-45.0,-56.0,-10.0,49.0,-19.0,-233.0,-23.0,-21.0,-9.0,54.0,-22.0,-261.0,-16.0,-25.0,-6.0,51.0,-19.0,-250.0,-22.0,-21.0,-7.0,45.0,-25.0,-256.0,-8.0,-55.0,0.0,43.0,-46.0,-302.0,35.0,-76.0,6.0,227.0,-141.0,-1619.0,-130.0,-492.0,18.0,205.0,-147.0,-1627.0,-68.0,-487.0,19.0,204.0,-154.0,-1738.0,-76.0,-498.0,35.0,241.0,-175.0,-2043.0,-110.0,-576.0,47.0,217.0,-155.0,-2088.0,-100.0,-568.0,51.0,182.0,-141.0,-2080.0,-42.0,-508.0,51.0,211.0,-165.0,-2305.0,-43.0,-567.0,30.0,58.0,17.0,8.0,-26.0,79.0,-6.0,0
-25.0,-13.0,-199.0,18.0,-34.0,-10.0,-28.0,-20.0,-210.0,37.0,-59.0,-1.0,-45.0,-24.0,-559.0,122.0,-98.0,-25.0,-43.0,-52.0,-1337.0,237.0,-95.0,-88.0,-49.0,-98.0,-2176.0,282.0,-126.0,-128.0,-56.0,-154.0,-3051.0,307.0,-182.0,-162.0,-119.0,-173.0,-3557.0,273.0,-358.0,-91.0,-14.0,6.0,2.0,-14.0,-25.0,2.0,-16.0,7.0,5.0,-14.0,-28.0,2.0,-21.0,7.0,14.0,-17.0,-35.0,2.0,-13.0,2.0,9.0,-7.0,-23.0,2.0,-7.0,-2.0,9.0,-2.0,-14.0,2.0,-21.0,7.0,14.0,-17.0,-35.0,2.0,-13.0,2.0,9.0,-7.0,-23.0,2.0,-7.0,-2.0,9.0,-2.0,-14.0,2.0,0
353.0,-169.0,-3617.0,324.0,-265.0,47.0,337.0,-170.0,-3261.0,300.0,-243.0,54.0,218.0,-22.0,-17.0,38.0,476.0,3.0,111.0,-43.0,-5.0,53.0,201.0,8.0,60.0,-26.0,90.0,34.0,75.0,2.0,111.0,-43.0,-5.0,53.0,201.0,8.0,60.0,-26.0,90.0,34.0,75.0,2.0,-9.0,1.0,3.0,-5.0,-18.0,2.0,-9.0,1.0,3.0,-5.0,-18.0,2.0,-5.0,1.0,6.0,-3.0,-13.0,2.0,-4.0,2.0,9.0,-4.0,-8.0,3.0,2.0,1.0,8.0,-4.0,1.0,2.0,2.0,-1.0,11.0,-1.0,0.0,2.0,5.0,-2.0,14.0,-1.0,3.0,2.0,9.0,-4.0,8.0,4.0,11.0,2.0,0
3.0,-9.0,-32.0,-12.0,-24.0,4.0,8.0,-18.0,-150.0,-4.0,13.0,-2.0,1.0,-25.0,-169.0,-7.0,-21.0,5.0,1.0,16.0,-4.0,-28.0,-3.0,3.0,-9.0,7.0,-1.0,-13.0,-17.0,2.0,-15.0,2.0,4.0,-5.0,-25.0,1.0,-11.0,-6.0,2.0,6.0,-21.0,2.0,-19.0,-1.0,12.0,-1.0,-32.0,1.0,-18.0,5.0,12.0,-11.0,-30.0,2.0,-7.0,6.0,3.0,-12.0,-13.0,2.0,1.0,-4.0,-5.0,4.0,3.0,2.0,1.0,-3.0,-4.0,2.0,3.0,2.0,1.0,-3.0,-6.0,2.0,5.0,2.0,1.0,-3.0,-6.0,4.0,2.0,1.0,1.0,-4.0,-6.0,5.0,2.0,1.0,0
52.0,-4.0,-222.0,52.0,-39.0,9.0,48.0,-5.0,-203.0,52.0,-37.0,16.0,19.0,13.0,-109.0,-11.0,-30.0,-11.0,24.0,3.0,-87.0,-5.0,-11.0,-1.0,23.0,7.0,-75.0,-6.0,-13.0,-1.0,19.0,7.0,-85.0,-9.0,-16.0,-1.0,41.0,10.0,-273.0,-19.0,33.0,-9.0,-5.0,-4.0,-4.0,-2.0,-5.0,1.0,-6.0,-4.0,-2.0,0.0,-9.0,1.0,-39.0,-13.0,-193.0,-25.0,-26.0,11.0,-33.0,-6.0,-193.0,-50.0,-12.0,13.0,-29.0,-3.0,-195.0,-56.0,-7.0,10.0,-14.0,-4.0,-74.0,19.0,-41.0,2.0,3.0,-12.0,-207.0,7.0,37.0,5.0,4.0,-20.0,-406.0,63.0,68.0,1.0,1
112.0,115.0,-1744.0,476.0,-13.0,149.0,105.0,197.0,-2387.0,605.0,-171.0,135.0,97.0,276.0,-2781.0,620.0,-238.0,144.0,119.0,354.0,-3089.0,567.0,-232.0,161.0,142.0,438.0,-3235.0,536.0,-250.0,201.0,-47.0,-59.0,-844.0,747.0,85.0,244.0,-119.0,-37.0,126.0,129.0,-170.0,-6.0,3.0,-12.0,-207.0,7.0,37.0,5.0,-119.0,-37.0,126.0,129.0,-170.0,-6.0,3.0,-12.0,-207.0,7.0,37.0,5.0,23.0,7.0,-75.0,-6.0,-13.0,-1.0,23.0,7.0,-75.0,-6.0,-13.0,-1.0,-119.0,-37.0,126.0,129.0,-170.0,-6.0,23.0,7.0,-75.0,-6.0,-13.0,-1.0,23.0,7.0,-75.0,-6.0,-13.0,-1.0,0
2.0,2.0,26.0,2.0,1.0,-1.0,-1.0,3.0,1.0,-7.0,9.0,2.0,-1.0,2.0,-3.0,1.0,9.0,0.0,1.0,4.0,-5.0,-2.0,10.0,1.0,1.0,4.0,-3.0,-2.0,10.0,-3.0,-6.0,16.0,-29.0,-16.0,20.0,12.0,-7.0,12.0,-17.0,-13.0,21.0,8.0,-20.0,16.0,-51.0,-2.0,24.0,5.0,-13.0,16.0,-45.0,-1.0,42.0,12.0,-9.0,17.0,-53.0,-4.0,49.0,12.0,-9.0,19.0,-54.0,-11.0,51.0,12.0,-8.0,22.0,-52.0,-16.0,55.0,26.0,0.0,0.0,-9.0,-14.0,-11.0,-4.0,0.0,-1.0,-3.0,-9.0,-11.0,-1.0,1.0,4.0,3.0,-18.0,-15.0,-2.0,1
1.0,3.0,-3.0,-16.0,-12.0,0.0,3.0,1.0,8.0,-4.0,-8.0,-2.0,-20.0,70.0,-843.0,-156.0,289.0,49.0,-64.0,84.0,-1627.0,-127.0,464.0,51.0,-168.0,107.0,-2135.0,-172.0,406.0,32.0,-262.0,98.0,-2542.0,-131.0,305.0,-13.0,-389.0,91.0,-2757.0,-107.0,114.0,-55.0,-262.0,98.0,-2542.0,-131.0,305.0,-13.0,-389.0,91.0,-2757.0,-107.0,114.0,-55.0,7.0,-10.0,-179.0,-11.0,18.0,4.0,7.0,-8.0,-176.0,-13.0,18.0,1.0,7.0,-10.0,-179.0,-11.0,18.0,4.0,7.0,-8.0,-176.0,-13.0,18.0,1.0,8.0,-8.0,-180.0,-14.0,21.0,1.0,8.0,-10.0,-179.0,-13.0,21.0,3.0,0
7.0,-10.0,-179.0,-11.0,18.0,4.0,7.0,-8.0,-176.0,-13.0,18.0,1.0,8.0,-8.0,-180.0,-14.0,21.0,1.0,8.0,-10.0,-179.0,-13.0,21.0,3.0,7.0,-9.0,-169.0,-12.0,19.0,4.0,6.0,-9.0,-165.0,-13.0,18.0,4.0,7.0,-10.0,-170.0,-13.0,18.0,6.0,-2.0,-6.0,-133.0,-40.0,-8.0,-18.0,-5.0,-6.0,-134.0,-54.0,-10.0,-23.0,-9.0,0.0,-201.0,-70.0,-6.0,-25.0,6.0,-9.0,-165.0,-13.0,18.0,4.0,7.0,-10.0,-170.0,-13.0,18.0,6.0,-2.0,-6.0,-133.0,-40.0,-8.0,-18.0,-5.0,-6.0,-134.0,-54.0,-10.0,-23.0,-9.0,0.0,-201.0,-70.0,-6.0,-25.0,1
-7.0,-2.0,4.0,6.0,-8.0,1.0,-8.0,-1.0,-7.0,8.0,-12.0,-1.0,-9.0,-3.0,-17.0,6.0,-14.0,-1.0,-10.0,-2.0,-5.0,5.0,-14.0,-1.0,-9.0,-2.0,-16.0,9.0,-19.0,-1.0,-8.0,-3.0,-9.0,7.0,-7.0,0.0,-2.0,-6.0,-133.0,-40.0,-8.0,-18.0,-5.0,-6.0,-134.0,-54.0,-10.0,-23.0,-9.0,0.0,-201.0,-70.0,-6.0,-25.0,-16.0,-5.0,-270.0,-97.0,-3.0,-26.0,-33.0,-13.0,-526.0,-114.0,39.0,-47.0,-883.0,-260.0,-3451.0,-175.0,-434.0,21.0,-851.0,-235.0,-2973.0,-102.0,-506.0,8.0,-130.0,4.0,-405.0,32.0,260.0,-38.0,37.0,22.0,-91.0,-74.0,82.0,-8.0,0
0.0,0.0,19.0,2.0,-5.0,2.0,1.0,-2.0,14.0,5.0,-1.0,2.0,1.0,1.0,3.0,1.0,-1.0,2.0,-6.0,-1.0,-15.0,0.0,-7.0,0.0,-7.0,-2.0,4.0,6.0,-8.0,1.0,-8.0,-1.0,-7.0,8.0,-12.0,-1.0,-9.0,-3.0,-17.0,6.0,-14.0,-1.0,-10.0,-2.0,-5.0,5.0,-14.0,-1.0,-9.0,-2.0,-16.0,9.0,-19.0,-1.0,-8.0,-3.0,-9.0,7.0,-7.0,0.0,-2.0,-6.0,-133.0,-40.0,-8.0,-18.0,-5.0,-6.0,-134.0,-54.0,-10.0,-23.0,-9.0,0.0,-201.0,-70.0,-6.0,-25.0,-16.0,-5.0,-270.0,-97.0,-3.0,-26.0,-33.0,-13.0,-526.0,-114.0,39.0,-47.0,0
-2.0,0.0,15.0,0.0,-2.0,2.0,0.0,-1.0,-4.0,1.0,-1.0,2.0,-1.0,-1.0,2.0,1.0,1.0,2.0,-1.0,1.0,-5.0,-3.0,-4.0,2.0,1.0,-2.0,-4.0,3.0,-2.0,2.0,-1.0,-1.0,-3.0,1.0,-1.0,2.0,1.0,0.0,-2.0,-1.0,2.0,1.0,0.0,1.0,-4.0,-4.0,-1.0,1.0,1.0,0.0,0.0,-1.0,0.0,1.0,18.0,2.0,-112.0,14.0,-20.0,4.0,25.0,10.0,-93.0,-6.0,-7.0,0.0,36.0,2.0,-122.0,10.0,12.0,5.0,33.0,0.0,-108.0,21.0,7.0,8.0,3.0,-2.0,-13.0,2.0,11.0,4.0,4.0,-3.0,-17.0,1.0,9.0,3.0,1
25.0,10.0,-93.0,-6.0,-7.0,0.0,36.0,2.0,-122.0,10.0,12.0,5.0,33.0,0.0,-108.0,21.0,7.0,8.0,3.0,-2.0,-13.0,2.0,11.0,4.0,4.0,-3.0,-17.0,1.0,9.0,3.0,-1.0,-2.0,-14.0,-3.0,-3.0,2.0,4.0,-5.0,-46.0,5.0,6.0,9.0,6.0,-12.0,-112.0,15.0,-3.0,15.0,6.0,-10.0,-35.0,9.0,3.0,5.0,8.0,-6.0,-7.0,-18.0,1.0,-11.0,448.0,-73.0,-3234.0,313.0,-169.0,52.0,460.0,-65.0,-3277.0,307.0,-169.0,23.0,462.0,-59.0,-3275.0,285.0,-183.0,17.0,460.0,-41.0,-3226.0,250.0,-205.0,23.0,-198.0,68.0,-491.0,-381.0,-459.0,38.0,0
-3.0,3.0,10.0,-2.0,-5.0,2.0,-1.0,-1.0,-2.0,4.0,0.0,3.0,-2.0,1.0,0.0,0.0,-5.0,2.0,1.0,-1.0,2.0,5.0,1.0,2.0,-2.0,1.0,0.0,1.0,-4.0,2.0,-1.0,0.0,7.0,2.0,-5.0,2.0,-2.0,1.0,8.0,1.0,-1.0,2.0,-1.0,1.0,3.0,1.0,-2.0,2.0,1.0,-1.0,-6.0,3.0,4.0,1.0,-3.0,2.0,-3.0,-5.0,-9.0,3.0,3.0,-1.0,-5.0,5.0,2.0,3.0,3.0,0.0,-10.0,5.0,4.0,3.0,5.0,0.0,-19.0,2.0,6.0,3.0,3.0,1.0,-12.0,0.0,6.0,2.0,4.0,-6.0,-17.0,17.0,2.0,6.0,1
-8.0,5.0,-8.0,-11.0,-13.0,2.0,-6.0,2.0,-6.0,-6.0,-9.0,2.0,-6.0,2.0,1.0,-6.0,-9.0,1.0,-2.0,-2.0,-21.0,-7.0,-1.0,2.0,-1.0,-2.0,2.0,-4.0,1.0,1.0,-2.0,0.0,-6.0,-8.0,-1.0,2.0,-1.0,-2.0,-7.0,-2.0,2.0,2.0,0.0,-1.0,-2.0,-3.0,5.0,1.0,-1.0,-2.0,2.0,-6.0,2.0,1.0,1.0,-1.0,-24.0,-5.0,4.0,2.0,206.0,-344.0,-2325.0,-287.0,-499.0,51.0,205.0,-345.0,-2323.0,-287.0,-501.0,52.0,205.0,-344.0,-2319.0,-284.0,-498.0,52.0,205.0,-343.0,-2316.0,-285.0,-499.0,51.0,205.0,-343.0,-2315.0,-284.0,-499.0,51.0,0
-2.0,0.0,-7.0,0.0,-6.0,2.0,-1.0,0.0,-3.0,0.0,-3.0,3.0,-1.0,2.0,15.0,1.0,-6.0,2.0,-1.0,1.0,11.0,0.0,-3.0,2.0,-1.0,-1.0,-7.0,5.0,7.0,1.0,-1.0,-1.0,-12.0,-2.0,6.0,2.0,-1.0,0.0,-6.0,-5.0,6.0,2.0,-2.0,1.0,-3.0,-5.0,0.0,3.0,-2.0,0.0,0.0,-1.0,1.0,1.0,0.0,1.0,1.0,-4.0,4.0,2.0,0.0,-1.0,-2.0,-3.0,5.0,2.0,-2.0,-11.0,-73.0,-4.0,54.0,-9.0,-1.0,-4.0,-13.0,8.0,-4.0,1.0,-1.0,-2.0,-11.0,4.0,-4.0,1.0,-4.0,-6.0,-11.0,14.0,-8.0,1.0,1
-6.0,-7.0,-10.0,14.0,-15.0,1.0,-5.0,-4.0,-3.0,8.0,-12.0,1.0,-4.0,-3.0,11.0,5.0,-12.0,1.0,-2.0,-10.0,-32.0,14.0,-11.0,2.0,0.0,-7.0,-25.0,9.0,-6.0,0.0,-5.0,-15.0,-72.0,25.0,-20.0,-5.0,0.0,-10.0,-53.0,11.0,1.0,-1.0,-2.0,-7.0,-35.0,12.0,-12.0,-1.0,2.0,-7.0,-43.0,13.0,2.0,-4.0,2.0,-6.0,-17.0,9.0,-5.0,-1.0,-429.0,-348.0,-2652.0,118.0,-35.0,-106.0,-424.0,-328.0,-2761.0,19.0,52.0,-21.0,-489.0,-342.0,-2943.0,-30.0,76.0,-22.0,-480.0,-319.0,-2992.0,-132.0,170.0,5.0,-497.0,-297.0,-2955.0,-199.0,169.0,20.0,0
-2.0,-1.0,-9.0,-1.0,3.0,1.0,-1.0,0.0,-11.0,-3.0,4.0,3.0,4.0,-1.0,-3.0,0.0,18.0,1.0,2.0,1.0,-6.0,-8.0,10.0,2.0,-2.0,4.0,-9.0,-5.0,-1.0,1.0,-18.0,-7.0,-55.0,-5.0,6.0,2.0,-18.0,-6.0,-55.0,-6.0,4.0,4.0,-19.0,-4.0,-61.0,-14.0,2.0,4.0,-20.0,-18.0,-313.0,-20.0,11.0,-1.0,-36.0,-35.0,-701.0,-53.0,133.0,-9.0,-86.0,-45.0,-931.0,-94.0,100.0,-15.0,10.0,-9.0,36.0,19.0,9.0,-5.0,3.0,0.0,-9.0,-2.0,2.0,1.0,4.0,1.0,-24.0,-4.0,4.0,0.0,3.0,2.0,-3.0,-3.0,1.0,1.0,1
1.0,0.0,0.0,4.0,-1.0,2.0,-1.0,1.0,4.0,0.0,-3.0,2.0,0.0,0.0,4.0,0.0,1.0,3.0,-9.0,-2.0,-11.0,-2.0,-3.0,3.0,-5.0,-3.0,-12.0,-1.0,2.0,3.0,-2.0,-1.0,-9.0,-1.0,3.0,1.0,-1.0,0.0,-11.0,-3.0,4.0,3.0,4.0,-1.0,-3.0,0.0,18.0,1.0,2.0,1.0,-6.0,-8.0,10.0,2.0,-2.0,4.0,-9.0,-5.0,-1.0,1.0,-18.0,-7.0,-55.0,-5.0,6.0,2.0,-18.0,-6.0,-55.0,-6.0,4.0,4.0,-19.0,-4.0,-61.0,-14.0,2.0,4.0,-20.0,-18.0,-313.0,-20.0,11.0,-1.0,-36.0,-35.0,-701.0,-53.0,133.0,-9.0,1
3.0,0.0,-9.0,-2.0,2.0,1.0,4.0,1.0,-24.0,-4.0,4.0,0.0,3.0,2.0,-3.0,-3.0,1.0,1.0,3.0,1.0,-6.0,-1.0,1.0,1.0,1.0,-1.0,-5.0,-2.0,-4.0,1.0,5.0,1.0,-19.0,-7.0,2.0,0.0,3.0,-1.0,-17.0,1.0,-4.0,1.0,4.0,0.0,-10.0,0.0,-1.0,1.0,7.0,-8.0,-171.0,6.0,9.0,2.0,8.0,-11.0,-178.0,17.0,18.0,3.0,7.0,-11.0,-172.0,6.0,7.0,1.0,9.0,-12.0,-191.0,18.0,16.0,2.0,6.0,-11.0,-136.0,15.0,10.0,2.0,5.0,-11.0,-135.0,16.0,10.0,3.0,6.0,-11.0,-136.0,17.0,10.0,3.0,1
0.0,1.0,-16.0,3.0,1.0,4.0,-2.0,2.0,18.0,1.0,-3.0,2.0,-1.0,-1.0,-2.0,3.0,-1.0,2.0,-2.0,2.0,12.0,0.0,-3.0,3.0,-1.0,0.0,3.0,1.0,-3.0,1.0,-1.0,0.0,-4.0,3.0,-4.0,2.0,-2.0,2.0,10.0,1.0,-1.0,1.0,2.0,-2.0,8.0,5.0,6.0,2.0,0.0,0.0,5.0,-2.0,1.0,2.0,1.0,0.0,5.0,3.0,0.0,2.0,1.0,0.0,3.0,2.0,0.0,3.0,17.0,11.0,-125.0,-6.0,-25.0,-1.0,33.0,5.0,-141.0,2.0,2.0,1.0,16.0,-6.0,-58.0,17.0,-5.0,4.0,18.0,1.0,-65.0,3.0,-9.0,4.0,1
18.0,-1.0,-66.0,13.0,-11.0,4.0,12.0,-5.0,-45.0,9.0,7.0,4.0,18.0,-2.0,-65.0,26.0,-3.0,7.0,6.0,-10.0,-13.0,7.0,4.0,2.0,-7.0,-6.0,4.0,3.0,-6.0,2.0,0.0,-7.0,-13.0,9.0,0.0,2.0,8.0,-11.0,-7.0,13.0,12.0,3.0,1.0,-4.0,2.0,0.0,3.0,1.0,305.0,-30.0,-2303.0,225.0,-125.0,88.0,128.0,54.0,-68.0,-88.0,96.0,-8.0,99.0,34.0,32.0,-39.0,160.0,1.0,85.0,-1.0,-14.0,1.0,123.0,2.0,60.0,-19.0,13.0,23.0,77.0,1.0,41.0,-31.0,6.0,44.0,53.0,2.0,27.0,-31.0,4.0,41.0,34.0,2.0,0
0.0,-2.0,-2.0,3.0,2.0,2.0,3.0,1.0,-7.0,-7.0,6.0,2.0,3.0,1.0,-2.0,-5.0,4.0,0.0,4.0,1.0,6.0,-4.0,6.0,2.0,14.0,7.0,-45.0,-13.0,-16.0,-4.0,12.0,5.0,-42.0,-8.0,-13.0,-3.0,13.0,8.0,-63.0,-13.0,-9.0,-1.0,6.0,9.0,-58.0,-18.0,-22.0,-4.0,0.0,0.0,-149.0,12.0,-12.0,6.0,7.0,3.0,-160.0,10.0,4.0,4.0,6.0,1.0,-159.0,9.0,4.0,2.0,34.0,2.0,-488.0,107.0,-27.0,21.0,88.0,4.0,-1120.0,283.0,-89.0,47.0,156.0,3.0,-1995.0,531.0,-174.0,67.0,191.0,88.0,-2460.0,462.0,-244.0,71.0,0
5.0,1.0,-10.0,-5.0,2.0,0.0,16.0,4.0,-44.0,-2.0,-2.0,-1.0,14.0,4.0,-54.0,-5.0,-7.0,1.0,12.0,5.0,-53.0,-6.0,-6.0,2.0,11.0,5.0,-39.0,-4.0,-7.0,1.0,10.0,2.0,-41.0,-1.0,-11.0,2.0,10.0,4.0,-30.0,-1.0,-11.0,1.0,10.0,2.0,-47.0,3.0,-11.0,2.0,8.0,13.0,-178.0,-17.0,10.0,2.0,38.0,26.0,-349.0,21.0,39.0,11.0,129.0,49.0,-969.0,155.0,103.0,38.0,212.0,65.0,-1654.0,306.0,118.0,62.0,260.0,107.0,-2306.0,377.0,40.0,45.0,273.0,199.0,-2718.0,258.0,-54.0,46.0,317.0,242.0,-2950.0,231.0,-25.0,16.0,0
-1.0,2.0,-2.0,4.0,-6.0,3.0,-2.0,2.0,-6.0,1.0,-8.0,2.0,0.0,0.0,-9.0,4.0,-4.0,1.0,-1.0,2.0,-13.0,4.0,-4.0,4.0,1.0,0.0,5.0,7.0,0.0,2.0,-1.0,1.0,-10.0,2.0,-3.0,4.0,1.0,1.0,4.0,4.0,0.0,2.0,1.0,1.0,-9.0,3.0,0.0,2.0,7.0,0.0,-51.0,27.0,-17.0,13.0,7.0,0.0,-58.0,24.0,-19.0,6.0,7.0,3.0,-48.0,20.0,-14.0,7.0,8.0,3.0,-40.0,15.0,-15.0,4.0,7.0,3.0,-35.0,20.0,-13.0,7.0,9.0,5.0,-45.0,14.0,-15.0,6.0,7.0,1.0,-33.0,19.0,-15.0,4.0,1
1.0,0.0,11.0,-1.0,9.0,1.0,0.0,0.0,-4.0,-4.0,4.0,2.0,-1.0,-1.0,7.0,-1.0,2.0,2.0,-2.0,1.0,-5.0,-5.0,-3.0,2.0,0.0,0.0,2.0,-3.0,3.0,2.0,0.0,1.0,2.0,-4.0,3.0,1.0,0.0,0.0,1.0,-4.0,1.0,2.0,-62.0,30.0,-48.0,-40.0,-87.0,0.0,-36.0,24.0,-25.0,-35.0,-40.0,3.0,-43.0,25.0,-6.0,-38.0,-48.0,1.0,-14.0,13.0,-18.0,-21.0,-9.0,0.0,-4.0,10.0,-20.0,-16.0,9.0,2.0,-22.0,19.0,10.0,-46.0,-28.0,4.0,-14.0,13.0,-20.0,-27.0,-10.0,1.0,0.0,-1.0,-5.0,-10.0,13.0,1.0,1
-4.0,10.0,-20.0,-16.0,9.0,2.0,-22.0,19.0,10.0,-46.0,-28.0,4.0,-14.0,13.0,-20.0,-27.0,-10.0,1.0,0.0,-1.0,-5.0,-10.0,13.0,1.0,-2.0,-1.0,-6.0,-5.0,4.0,2.0,-1.0,-2.0,-16.0,-4.0,1.0,2.0,-2.0,-3.0,-6.0,-4.0,1.0,2.0,-1.0,-3.0,-11.0,-4.0,3.0,1.0,5.0,-18.0,-138.0,26.0,15.0,-7.0,5.0,-19.0,-140.0,27.0,16.0,-7.0,5.0,-18.0,-140.0,27.0,16.0,-7.0,4.0,-18.0,-138.0,26.0,15.0,-7.0,4.0,-18.0,-138.0,26.0,15.0,-7.0,4.0,-18.0,-139.0,26.0,15.0,-7.0,5.0,-18.0,-138.0,26.0,16.0,-7.0,1
-1.0,0.0,-6.0,2.0,2.0,3.0,-2.0,3.0,-3.0,2.0,-8.0,4.0,-2.0,-1.0,-4.0,8.0,-10.0,4.0,1.0,0.0,-7.0,3.0,-4.0,9.0,3.0,1.0,-10.0,5.0,2.0,3.0,2.0,4.0,-45.0,-5.0,-25.0,-3.0,5.0,4.0,-31.0,2.0,-34.0,-2.0,7.0,4.0,-32.0,6.0,-28.0,1.0,4.0,1.0,-41.0,7.0,-33.0,0.0,2.0,0.0,-30.0,11.0,-31.0,6.0,6.0,0.0,-35.0,11.0,-27.0,0.0,6.0,2.0,-29.0,10.0,-22.0,6.0,0.0,0.0,1.0,-2.0,4.0,2.0,-2.0,1.0,17.0,-2.0,-1.0,2.0,1.0,-1.0,-10.0,-1.0,1.0,1.0,1
-2.0,0.0,-7.0,-5.0,-1.0,1.0,0.0,0.0,2.0,-3.0,3.0,1.0,-2.0,2.0,10.0,-6.0,1.0,2.0,11.0,0.0,-45.0,12.0,-7.0,4.0,0.0,-1.0,-37.0,-9.0,-4.0,3.0,-3.0,-1.0,-2.0,-6.0,-1.0,1.0,5.0,-6.0,-18.0,1.0,9.0,2.0,5.0,-5.0,-14.0,1.0,10.0,1.0,-4.0,-1.0,0.0,-3.0,0.0,2.0,-5.0,-1.0,-7.0,-5.0,-5.0,2.0,0.0,-2.0,-13.0,-5.0,5.0,2.0,3.0,-16.0,-185.0,9.0,22.0,-5.0,3.0,-16.0,-178.0,9.0,11.0,-5.0,3.0,-14.0,-144.0,17.0,19.0,-3.0,3.0,-15.0,-150.0,10.0,15.0,-6.0,1
1.0,1.0,-14.0,4.0,-3.0,3.0,1.0,1.0,-4.0,6.0,-1.0,3.0,0.0,1.0,-1.0,7.0,0.0,8.0,0.0,1.0,-11.0,6.0,-2.0,4.0,1.0,2.0,-2.0,1.0,-2.0,2.0,1.0,-1.0,-4.0,8.0,2.0,4.0,-1.0,-1.0,-6.0,6.0,-3.0,4.0,9.0,3.0,-28.0,-1.0,-16.0,-2.0,10.0,5.0,-45.0,0.0,-13.0,1.0,10.0,4.0,-31.0,-1.0,-12.0,1.0,10.0,3.0,-38.0,3.0,-11.0,1.0,8.0,5.0,-27.0,-1.0,-16.0,2.0,10.0,1.0,-31.0,8.0,-7.0,6.0,9.0,3.0,-16.0,0.0,-6.0,0.0,-1.0,1.0,-3.0,-1.0,0.0,2.0,1
8.0,5.0,-24.0,1.0,-1.0,3.0,9.0,1.0,-12.0,5.0,4.0,3.0,6.0,-9.0,-17.0,13.0,19.0,-2.0,4.0,-5.0,-6.0,2.0,17.0,1.0,-5.0,-2.0,2.0,-5.0,-3.0,1.0,4.0,-5.0,-6.0,2.0,17.0,1.0,0.0,-3.0,0.0,-2.0,4.0,2.0,-1.0,3.0,-10.0,-14.0,6.0,1.0,7.0,5.0,-21.0,-18.0,14.0,2.0,7.0,1.0,-17.0,-8.0,16.0,1.0,7.0,-16.0,-138.0,29.0,23.0,-3.0,6.0,-15.0,-131.0,28.0,21.0,-4.0,6.0,-15.0,-128.0,29.0,18.0,-2.0,6.0,-16.0,-133.0,32.0,19.0,0.0,6.0,-16.0,-133.0,32.0,19.0,0.0,1
-1.0,-1.0,-1.0,-1.0,5.0,3.0,-4.0,-1.0,0.0,1.0,0.0,3.0,-1.0,0.0,1.0,-1.0,2.0,1.0,1.0,0.0,-3.0,2.0,5.0,4.0,-2.0,1.0,-4.0,1.0,-3.0,4.0,-1.0,-2.0,-9.0,3.0,-1.0,3.0,4.0,1.0,-45.0,10.0,-21.0,7.0,4.0,-2.0,-38.0,14.0,-26.0,4.0,0.0,-5.0,-49.0,21.0,-34.0,8.0,-1.0,-7.0,-42.0,23.0,-32.0,7.0,1.0,-6.0,-21.0,21.0,-31.0,7.0,10.0,-2.0,-27.0,11.0,-4.0,5.0,7.0,1.0,-40.0,5.0,-14.0,5.0,9.0,-1.0,-35.0,10.0,-7.0,7.0,12.0,0.0,-34.0,6.0,0.0,6.0,1
3.0,-1.0,-7.0,7.0,6.0,5.0,3.0,4.0,-45.0,-1.0,-21.0,2.0,8.0,7.0,-58.0,-3.0,-28.0,0.0,11.0,6.0,-35.0,-3.0,-14.0,-2.0,12.0,4.0,-56.0,-2.0,-12.0,0.0,11.0,3.0,-46.0,4.0,-7.0,4.0,24.0,6.0,-40.0,-4.0,20.0,4.0,20.0,5.0,-39.0,-5.0,16.0,2.0,19.0,3.0,-40.0,0.0,18.0,5.0,18.0,1.0,-34.0,2.0,18.0,5.0,-12.0,4.0,-23.0,15.0,43.0,31.0,35.0,-32.0,-1.0,115.0,-23.0,22.0,25.0,-29.0,1.0,49.0,8.0,7.0,-8.0,2.0,-12.0,-8.0,-11.0,2.0,-4.0,0.0,-6.0,-2.0,-2.0,2.0,1
-4.0,0.0,-2.0,0.0,-3.0,1.0,-2.0,-1.0,0.0,0.0,1.0,3.0,-2.0,-1.0,-3.0,0.0,4.0,2.0,-10.0,-2.0,-33.0,-7.0,17.0,4.0,-12.0,1.0,-35.0,-8.0,14.0,4.0,-12.0,-1.0,-39.0,-9.0,8.0,5.0,-12.0,0.0,-42.0,-10.0,12.0,5.0,-15.0,0.0,-26.0,-12.0,7.0,5.0,-12.0,-4.0,-20.0,-4.0,11.0,5.0,-13.0,-1.0,-30.0,-10.0,12.0,6.0,-203.0,-57.0,-771.0,138.0,-188.0,-9.0,-241.0,-72.0,-996.0,174.0,-171.0,-20.0,-254.0,-76.0,-1358.0,170.0,-44.0,-20.0,-253.0,-69.0,-1582.0,136.0,48.0,-27.0,-261.0,-65.0,-1615.0,106.0,58.0,-36.0,0
1.0,-1.0,-2.0,5.0,1.0,3.0,-2.0,2.0,14.0,0.0,-3.0,3.0,-3.0,-1.0,-10.0,3.0,2.0,2.0,-3.0,-2.0,-6.0,4.0,7.0,1.0,-4.0,0.0,-16.0,0.0,0.0,2.0,-4.0,-1.0,-18.0,1.0,3.0,1.0,-4.0,1.0,4.0,-3.0,2.0,4.0,-2.0,0.0,-12.0,-2.0,4.0,4.0,-3.0,2.0,2.0,-4.0,2.0,3.0,-1.0,0.0,-11.0,-1.0,8.0,3.0,-2.0,-1.0,-7.0,-1.0,6.0,3.0,-10.0,-4.0,-37.0,-1.0,13.0,1.0,-11.0,-4.0,-31.0,0.0,10.0,0.0,-11.0,-2.0,-28.0,-5.0,12.0,0.0,-11.0,-6.0,-38.0,0.0,14.0,1.0,1
-5.0,-1.0,-16.0,-3.0,-7.0,3.0,-2.0,1.0,7.0,0.0,2.0,1.0,-132.0,-48.0,-496.0,63.0,-110.0,-1.0,-101.0,-47.0,-445.0,80.0,-72.0,-7.0,-79.0,-43.0,-417.0,79.0,-20.0,-11.0,-107.0,-45.0,-413.0,70.0,-101.0,-12.0,-68.0,-35.0,-355.0,66.0,-23.0,-9.0,-81.0,-37.0,-345.0,44.0,-52.0,-9.0,-68.0,-39.0,-358.0,58.0,-34.0,-11.0,-52.0,-30.0,-332.0,49.0,-16.0,-7.0,-9.0,1.0,-11.0,-10.0,-12.0,2.0,-14.0,7.0,-6.0,-16.0,-18.0,1.0,-9.0,6.0,-9.0,-14.0,-12.0,1.0,-6.0,3.0,-11.0,-9.0,-8.0,1.0,-8.0,3.0,-8.0,-9.0,-11.0,2.0,1
6.0,-6.0,-66.0,-40.0,12.0,5.0,15.0,-5.0,-112.0,-48.0,46.0,-2.0,14.0,-7.0,-179.0,-44.0,71.0,-18.0,13.0,-8.0,-182.0,-37.0,59.0,-21.0,7.0,-1.0,-72.0,62.0,39.0,18.0,106.0,-149.0,-8.0,230.0,59.0,33.0,89.0,-64.0,-4.0,128.0,49.0,-24.0,115.0,-22.0,30.0,12.0,146.0,3.0,102.0,-37.0,-8.0,34.0,131.0,4.0,73.0,-37.0,10.0,49.0,89.0,2.0,59.0,-32.0,3.0,34.0,76.0,2.0,-9.0,4.0,-9.0,-11.0,-11.0,2.0,-5.0,4.0,-5.0,-11.0,-6.0,1.0,-1.0,2.0,-5.0,-8.0,-1.0,1.0,1.0,-1.0,-5.0,-4.0,2.0,2.0,1
-2.0,1.0,27.0,3.0,-3.0,-2.0,-2.0,1.0,27.0,3.0,-3.0,-2.0,-1.0,0.0,19.0,5.0,-1.0,-2.0,-1.0,0.0,20.0,5.0,-1.0,-3.0,-1.0,-1.0,15.0,5.0,1.0,-3.0,-2.0,2.0,27.0,4.0,-3.0,-3.0,-1.0,0.0,19.0,6.0,0.0,-2.0,-1.0,1.0,18.0,0.0,-2.0,-3.0,0.0,6.0,-2.0,-2.0,-2.0,-3.0,5.0,0.0,-2.0,7.0,6.0,-3.0,1.0,-2.0,4.0,9.0,3.0,-3.0,-2.0,1.0,-1.0,7.0,1.0,-3.0,-5.0,4.0,9.0,0.0,-6.0,-3.0,-3.0,4.0,-3.0,1.0,-3.0,-3.0,-2.0,3.0,4.0,1.0,-1.0,-4.0,1
-11.0,-35.0,1.0,45.0,-28.0,-2.0,38.0,4.0,-6.0,-3.0,49.0,-10.0,39.0,3.0,6.0,1.0,47.0,-3.0,44.0,-22.0,17.0,28.0,49.0,-3.0,55.0,-34.0,2.0,51.0,70.0,-2.0,39.0,-9.0,21.0,18.0,52.0,-3.0,23.0,16.0,18.0,-12.0,34.0,-3.0,1.0,-1.0,-4.0,4.0,3.0,-3.0,1.0,1.0,1.0,2.0,4.0,-4.0,2.0,-1.0,1.0,3.0,4.0,-3.0,-1.0,0.0,2.0,2.0,-2.0,-3.0,1.0,-3.0,-5.0,4.0,1.0,-3.0,-1.0,1.0,3.0,-1.0,-2.0,-3.0,1.0,1.0,3.0,2.0,3.0,-4.0,-1.0,1.0,1.0,-1.0,-1.0,-3.0,1
-21.0,-1.0,7.0,11.0,-28.0,-5.0,0.0,-15.0,16.0,28.0,-2.0,-3.0,15.0,-1.0,1.0,10.0,23.0,-3.0,13.0,6.0,0.0,-3.0,18.0,-3.0,4.0,-3.0,8.0,11.0,8.0,-3.0,-10.0,0.0,-3.0,7.0,-12.0,-3.0,-7.0,7.0,4.0,-6.0,-9.0,-3.0,0.0,1.0,-2.0,4.0,2.0,-3.0,1.0,1.0,1.0,1.0,0.0,-4.0,4.0,-2.0,-5.0,6.0,6.0,-3.0,2.0,-1.0,8.0,4.0,3.0,-3.0,-1.0,2.0,2.0,2.0,2.0,-3.0,4.0,-2.0,-5.0,6.0,6.0,-3.0,2.0,-1.0,8.0,4.0,3.0,-3.0,-1.0,2.0,2.0,2.0,2.0,-3.0,1
-3.0,2.0,-11.0,3.0,-2.0,-3.0,-4.0,5.0,11.0,-3.0,-5.0,-2.0,-1.0,1.0,17.0,4.0,1.0,-3.0,-3.0,2.0,5.0,3.0,-3.0,-3.0,0.0,2.0,11.0,3.0,2.0,-3.0,1.0,1.0,-1.0,6.0,0.0,-3.0,0.0,1.0,6.0,1.0,-1.0,-3.0,1.0,2.0,5.0,1.0,1.0,-3.0,1.0,2.0,-2.0,0.0,1.0,-3.0,-2.0,2.0,11.0,2.0,-1.0,-3.0,-1.0,2.0,9.0,1.0,-5.0,-3.0,-1.0,1.0,6.0,5.0,-3.0,-4.0,-2.0,1.0,5.0,3.0,-5.0,-4.0,-1.0,2.0,4.0,0.0,-6.0,-3.0,2.0,2.0,-1.0,3.0,-1.0,-3.0,1
-84.0,85.0,-41.0,-114.0,-114.0,-6.0,-120.0,14.0,-13.0,-17.0,-157.0,-6.0,-91.0,-4.0,-19.0,5.0,-122.0,-6.0,-45.0,18.0,-28.0,-18.0,-57.0,-4.0,-43.0,29.0,-4.0,-37.0,-57.0,-5.0,-26.0,5.0,4.0,-2.0,-35.0,-5.0,-1.0,-22.0,-13.0,28.0,-6.0,-4.0,4.0,-7.0,-6.0,11.0,5.0,-4.0,4.0,-5.0,-4.0,7.0,4.0,-3.0,3.0,-2.0,4.0,3.0,4.0,-3.0,1.0,0.0,3.0,2.0,4.0,-4.0,3.0,-2.0,4.0,3.0,4.0,-3.0,1.0,0.0,3.0,2.0,4.0,-4.0,-2.0,3.0,3.0,-2.0,-1.0,-3.0,-2.0,3.0,3.0,-2.0,-1.0,-3.0,1
-2.0,1.0,17.0,2.0,-1.0,-4.0,-15.0,7.0,4.0,-7.0,-21.0,-4.0,-15.0,4.0,3.0,-5.0,-20.0,-3.0,-11.0,5.0,6.0,-4.0,-16.0,-4.0,-9.0,5.0,-2.0,-3.0,-11.0,-4.0,-12.0,8.0,12.0,-11.0,-16.0,-3.0,-9.0,6.0,7.0,-6.0,-13.0,-4.0,-9.0,3.0,10.0,-1.0,-13.0,-4.0,-1.0,0.0,4.0,0.0,-7.0,-4.0,4.0,0.0,-2.0,3.0,-1.0,-4.0,2.0,2.0,-4.0,-3.0,-6.0,-4.0,3.0,1.0,-9.0,0.0,-2.0,-4.0,1.0,0.0,-10.0,0.0,-6.0,-5.0,4.0,0.0,-2.0,3.0,-1.0,-4.0,2.0,2.0,-4.0,-3.0,-6.0,-4.0,1
-57.0,-4.0,40.0,11.0,-156.0,-42.0,-18.0,8.0,11.0,-3.0,-26.0,-8.0,-10.0,16.0,8.0,-24.0,-13.0,-4.0,-1.0,-3.0,3.0,9.0,-2.0,-4.0,6.0,-9.0,5.0,20.0,7.0,-4.0,-2.0,1.0,8.0,-2.0,1.0,-4.0,-2.0,1.0,4.0,1.0,2.0,-4.0,-1.0,0.0,3.0,2.0,4.0,-3.0,0.0,2.0,8.0,-2.0,4.0,-4.0,-3.0,-1.0,-9.0,2.0,-2.0,-3.0,-2.0,2.0,6.0,-3.0,3.0,-4.0,0.0,-1.0,-1.0,1.0,3.0,-2.0,-2.0,0.0,-4.0,-2.0,5.0,-4.0,-1.0,0.0,1.0,-4.0,4.0,-3.0,-1.0,0.0,-9.0,-3.0,6.0,-4.0,1
25.0,-28.0,48.0,-129.0,86.0,22.0,32.0,5.0,27.0,28.0,106.0,-5.0,48.0,1.0,27.0,-8.0,60.0,-2.0,42.0,-32.0,22.0,59.0,61.0,-3.0,25.0,-17.0,27.0,33.0,33.0,-3.0,16.0,7.0,24.0,-5.0,24.0,-2.0,-1.0,1.0,9.0,3.0,-3.0,-4.0,0.0,2.0,11.0,1.0,-1.0,-3.0,-2.0,3.0,10.0,0.0,-4.0,-3.0,-4.0,2.0,7.0,1.0,-7.0,-4.0,-1.0,1.0,11.0,4.0,-2.0,-4.0,-1.0,0.0,4.0,2.0,-3.0,-3.0,-2.0,2.0,4.0,0.0,-4.0,-3.0,-1.0,1.0,-14.0,2.0,-5.0,-3.0,-1.0,1.0,-3.0,1.0,-4.0,-4.0,1
22.0,1.0,12.0,4.0,27.0,-3.0,19.0,-2.0,15.0,9.0,27.0,-3.0,8.0,-5.0,10.0,14.0,12.0,-3.0,-5.0,3.0,13.0,2.0,-7.0,-3.0,-8.0,7.0,15.0,-1.0,-10.0,-3.0,-13.0,7.0,-1.0,-5.0,-21.0,-3.0,-11.0,1.0,-3.0,4.0,-20.0,-3.0,-2.0,1.0,6.0,3.0,-2.0,-3.0,-3.0,1.0,2.0,3.0,-2.0,-3.0,-4.0,3.0,3.0,-3.0,-8.0,-3.0,-3.0,3.0,12.0,0.0,-6.0,-3.0,-2.0,2.0,5.0,1.0,-2.0,-4.0,-2.0,2.0,6.0,0.0,-5.0,-3.0,0.0,-1.0,15.0,3.0,-2.0,-3.0,0.0,1.0,4.0,1.0,-1.0,-3.0,1
114.0,5.0,123.0,172.0,90.0,32.0,100.0,6.0,40.0,-29.0,141.0,5.0,-2.0,1.0,13.0,3.0,-1.0,-4.0,-1.0,-1.0,-1.0,3.0,0.0,-3.0,0.0,-2.0,9.0,5.0,2.0,-3.0,-1.0,0.0,6.0,4.0,0.0,-4.0,-2.0,0.0,10.0,2.0,-1.0,-3.0,0.0,-2.0,6.0,6.0,2.0,-4.0,-1.0,1.0,4.0,3.0,-1.0,-3.0,0.0,1.0,-4.0,-6.0,6.0,-3.0,0.0,1.0,2.0,-3.0,6.0,-4.0,0.0,-1.0,-4.0,-3.0,2.0,-3.0,0.0,0.0,-4.0,-1.0,6.0,-4.0,1.0,0.0,-3.0,-1.0,7.0,-3.0,3.0,-5.0,-99.0,7.0,12.0,-1.0,1
-14.0,29.0,-20.0,-49.0,0.0,-9.0,-26.0,-26.0,6.0,47.0,-38.0,-4.0,-16.0,-6.0,-4.0,8.0,-18.0,-2.0,10.0,10.0,6.0,-12.0,16.0,-3.0,9.0,3.0,4.0,-3.0,17.0,-3.0,-1.0,-10.0,15.0,15.0,2.0,-3.0,4.0,-12.0,1.0,18.0,9.0,-3.0,2.0,1.0,-9.0,1.0,5.0,-3.0,-1.0,2.0,11.0,0.0,3.0,-4.0,-2.0,1.0,8.0,1.0,1.0,-3.0,-1.0,0.0,5.0,2.0,5.0,-3.0,1.0,-2.0,4.0,4.0,5.0,-3.0,-15.0,0.0,9.0,3.0,-14.0,-3.0,2.0,-10.0,-5.0,15.0,5.0,-3.0,0.0,3.0,-11.0,-2.0,5.0,-3.0,1
-61.0,150.0,-23.0,-177.0,-51.0,-2.0,-76.0,46.0,-25.0,-47.0,-95.0,-3.0,-96.0,4.0,-4.0,-3.0,-135.0,-6.0,-59.0,3.0,-24.0,-4.0,-74.0,-5.0,-42.0,23.0,-27.0,-29.0,-55.0,-4.0,-47.0,30.0,0.0,-38.0,-60.0,-4.0,-23.0,2.0,-9.0,-2.0,-31.0,-5.0,3.0,-4.0,9.0,7.0,3.0,-4.0,6.0,-8.0,-5.0,10.0,7.0,-3.0,6.0,-5.0,12.0,10.0,12.0,-4.0,6.0,-5.0,12.0,10.0,12.0,-4.0,5.0,-3.0,1.0,4.0,5.0,-3.0,3.0,0.0,3.0,0.0,5.0,-4.0,5.0,-3.0,1.0,4.0,5.0,-3.0,3.0,0.0,3.0,0.0,5.0,-4.0,1
-5.0,14.0,-43.0,-101.0,-49.0,17.0,-4.0,1.0,6.0,-2.0,-2.0,-4.0,-4.0,0.0,12.0,-2.0,-1.0,-4.0,-4.0,-2.0,3.0,0.0,-1.0,-3.0,-4.0,0.0,10.0,-2.0,-2.0,-4.0,-2.0,-1.0,-2.0,-1.0,1.0,-3.0,-4.0,0.0,10.0,-2.0,-2.0,-4.0,-2.0,-1.0,-2.0,-1.0,1.0,-3.0,-1.0,1.0,12.0,-3.0,1.0,-3.0,-1.0,1.0,2.0,-2.0,2.0,-3.0,-1.0,1.0,12.0,-3.0,1.0,-3.0,-4.0,0.0,10.0,-2.0,-2.0,-4.0,-2.0,-1.0,-2.0,-1.0,1.0,-3.0,-1.0,1.0,12.0,-3.0,1.0,-3.0,-1.0,1.0,2.0,-2.0,2.0,-3.0,1
36.0,-4.0,19.0,8.0,53.0,-2.0,25.0,2.0,25.0,0.0,37.0,-3.0,22.0,-14.0,13.0,22.0,35.0,-2.0,17.0,-23.0,10.0,32.0,27.0,-2.0,7.0,-8.0,7.0,13.0,13.0,-3.0,4.0,6.0,8.0,-5.0,9.0,-3.0,-5.0,11.0,15.0,-12.0,0.0,-4.0,1.0,-1.0,4.0,3.0,5.0,-3.0,1.0,0.0,4.0,0.0,5.0,-3.0,3.0,0.0,-3.0,1.0,7.0,-3.0,0.0,2.0,13.0,-3.0,2.0,-3.0,3.0,-1.0,1.0,3.0,5.0,-4.0,1.0,-1.0,4.0,1.0,4.0,-3.0,1.0,-1.0,4.0,1.0,4.0,-3.0,2.0,-1.0,3.0,1.0,5.0,-4.0,1
-12.0,17.0,3.0,-19.0,-10.0,-4.0,-12.0,12.0,11.0,-13.0,-16.0,-4.0,-8.0,3.0,6.0,2.0,-11.0,-4.0,-4.0,3.0,1.0,0.0,-6.0,-3.0,-6.0,6.0,9.0,-2.0,-5.0,-5.0,-7.0,3.0,3.0,-2.0,-10.0,-3.0,-5.0,-3.0,5.0,10.0,-7.0,-3.0,1.0,0.0,-1.0,4.0,2.0,-3.0,2.0,1.0,6.0,2.0,4.0,-4.0,-1.0,2.0,10.0,1.0,1.0,-4.0,-1.0,2.0,16.0,1.0,1.0,-4.0,2.0,-1.0,4.0,5.0,3.0,-3.0,0.0,1.0,3.0,1.0,1.0,-3.0,1.0,2.0,9.0,0.0,3.0,-4.0,1.0,2.0,9.0,0.0,3.0,-4.0,1
-41.0,21.0,-5.0,-23.0,-59.0,-4.0,-32.0,21.0,-6.0,-25.0,-45.0,-4.0,-21.0,12.0,-6.0,-14.0,-31.0,-4.0,-3.0,-1.0,2.0,8.0,-4.0,-4.0,0.0,-1.0,13.0,8.0,1.0,-3.0,6.0,-2.0,14.0,6.0,9.0,-4.0,15.0,-5.0,3.0,15.0,22.0,-3.0,-1.0,1.0,5.0,3.0,1.0,-4.0,-1.0,1.0,6.0,4.0,0.0,-3.0,-2.0,2.0,5.0,1.0,-2.0,-3.0,-1.0,1.0,2.0,1.0,0.0,-3.0,-3.0,4.0,13.0,-2.0,0.0,-3.0,-4.0,4.0,3.0,0.0,-1.0,-3.0,-4.0,3.0,2.0,2.0,-3.0,-3.0,-2.0,3.0,5.0,0.0,-2.0,-3.0,1
9.0,-10.0,-11.0,17.0,7.0,-4.0,5.0,0.0,4.0,0.0,7.0,-4.0,-3.0,6.0,-2.0,-8.0,-8.0,-4.0,0.0,-2.0,6.0,4.0,-2.0,-4.0,-5.0,-8.0,4.0,14.0,-8.0,-4.0,-4.0,-11.0,5.0,18.0,-6.0,-3.0,3.0,2.0,3.0,-2.0,4.0,-3.0,3.0,1.0,1.0,0.0,5.0,-4.0,4.0,-1.0,15.0,3.0,7.0,-3.0,5.0,-3.0,3.0,7.0,10.0,-3.0,1.0,1.0,8.0,0.0,3.0,-4.0,0.0,0.0,5.0,0.0,3.0,-4.0,-1.0,1.0,-3.0,-3.0,-2.0,-3.0,0.0,-1.0,-5.0,-1.0,1.0,-3.0,-1.0,1.0,4.0,0.0,-1.0,-3.0,1
